profile,start,box,N,dx,dt,face_jump,phase,step,time,branch,correction_fraction,max_div,interior_div,max_div_on_edge,max_grad,energy
legacy,raw,6.0,8,0.75,0.02,0.6305173821256992,sampled,0,0.0,both,0.0,0.46351444446226675,0.46351444446226675,0,2.0233202215513155,46.60213092814516
legacy,raw,6.0,8,0.75,0.02,0.6305173821256992,start,0,0.0,both,0.0,0.46351444446226675,0.46351444446226675,0,2.0233202215513155,46.60213092814516
legacy,raw,6.0,8,0.75,0.02,0.6305173821256992,step,1,0.02,no_projection,0.0,0.47154677717917126,0.47154677717917126,0,2.0290948392452424,46.43338215889872
legacy,raw,6.0,8,0.75,0.02,0.6305173821256992,step,1,0.02,projected,0.0,3.3306690738754696e-16,3.3306690738754696e-16,0,2.0302334139643143,45.065830930964076
legacy,raw,6.0,8,0.75,0.02,0.6305173821256992,step,2,0.04,no_projection,0.0,0.47779517133021154,0.47779517133021154,0,2.0343606655303987,46.27657769304382
legacy,raw,6.0,8,0.75,0.02,0.6305173821256992,step,2,0.04,projected,0.0,3.3306690738754696e-16,3.3306690738754696e-16,0,2.036454864683632,44.885037678108574
legacy,raw,6.0,8,0.75,0.02,0.6305173821256992,step,3,0.06,no_projection,0.0,0.48218070385209777,0.48218070385209777,0,2.0391102687824136,46.1312506619264
legacy,raw,6.0,8,0.75,0.02,0.6305173821256992,step,3,0.06,projected,0.0,2.220446049250313e-16,2.220446049250313e-16,0,2.04244062162571,44.714077165133006
legacy,raw,6.0,8,0.75,0.02,0.6305173821256992,step,4,0.08,no_projection,0.0,0.4846282800003975,0.4846282800003975,0,2.0433395846970197,45.9970102867413
legacy,raw,6.0,8,0.75,0.02,0.6305173821256992,step,4,0.08,projected,0.0,2.220446049250313e-16,2.220446049250313e-16,0,2.0481893850843904,44.55255091024477
legacy,raw,6.0,16,0.375,0.02,0.8191040485094225,sampled,0,0.0,both,0.0,0.9137516909352835,0.23398839845424968,1,3.398304010780025,46.94660287890911
legacy,raw,6.0,16,0.375,0.02,0.8191040485094225,start,0,0.0,both,0.0,0.9137516909352835,0.23398839845424968,1,3.398304010780025,46.94660287890911
legacy,raw,6.0,16,0.375,0.02,0.8191040485094225,step,1,0.02,no_projection,0.0,0.8347551217496697,0.26196121972432396,1,3.3719679670884175,46.83942886010006
legacy,raw,6.0,16,0.375,0.02,0.8191040485094225,step,1,0.02,projected,0.0,6.661338147750939e-16,6.661338147750939e-16,0,3.3511262992885795,46.60081071026288
legacy,raw,6.0,16,0.375,0.02,0.8191040485094225,step,2,0.04,no_projection,0.0,0.7601821512750465,0.31170365251072885,1,3.345947122809752,46.747909131672614
legacy,raw,6.0,16,0.375,0.02,0.8191040485094225,step,2,0.04,projected,0.0,6.661338147750939e-16,6.661338147750939e-16,0,3.3184656959240546,46.493035177957324
legacy,raw,6.0,16,0.375,0.02,0.8191040485094225,step,3,0.06,no_projection,0.0,0.6897322567376893,0.423949938989289,1,3.31617790977506,46.67163050736789
legacy,raw,6.0,16,0.375,0.02,0.8191040485094225,step,3,0.06,projected,0.0,6.661338147750939e-16,6.661338147750939e-16,0,3.287731673480938,46.38857799094668
legacy,raw,6.0,16,0.375,0.02,0.8191040485094225,step,4,0.08,no_projection,0.0,0.6231142938214643,0.5321099453060587,1,3.283069476875054,46.610248539671424
legacy,raw,6.0,16,0.375,0.02,0.8191040485094225,step,4,0.08,projected,0.0,6.661338147750939e-16,6.661338147750939e-16,0,3.259026896379229,46.28741520493988
legacy,raw,6.0,32,0.1875,0.02,0.8749047895655017,sampled,0,0.0,both,0.0,1.7132254390056403,0.0755949924702351,1,3.852681837902455,46.91629027337552
legacy,raw,6.0,32,0.1875,0.02,0.8749047895655017,start,0,0.0,both,0.0,1.7132254390056403,0.0755949924702351,1,3.852681837902455,46.91629027337552
legacy,raw,6.0,32,0.1875,0.02,0.8749047895655017,step,1,0.02,no_projection,0.0,1.5812198017837091,0.21567023137189012,1,3.709753669233944,46.84204796409839
legacy,raw,6.0,32,0.1875,0.02,0.8749047895655017,step,1,0.02,projected,0.0,1.3322676295501878e-15,1.3322676295501878e-15,0,3.6990280964298945,46.669316762288155
legacy,raw,6.0,32,0.1875,0.02,0.8749047895655017,step,2,0.04,no_projection,0.0,1.4582539819776827,0.4064402606534794,1,3.6968109680670733,46.78268508464182
legacy,raw,6.0,32,0.1875,0.02,0.8749047895655017,step,2,0.04,projected,0.0,1.3322676295501878e-15,1.3322676295501878e-15,0,3.6888260678921374,46.58668147848931
legacy,raw,6.0,32,0.1875,0.02,0.8749047895655017,step,3,0.06,no_projection,0.0,1.3433449431709086,0.5907341541015133,1,3.6755992686278978,46.737873816322086
legacy,raw,6.0,32,0.1875,0.02,0.8749047895655017,step,3,0.06,projected,0.0,1.5543122344752192e-15,1.5543122344752192e-15,0,3.67720598655728,46.5059192529712
legacy,raw,6.0,32,0.1875,0.02,0.8749047895655017,step,4,0.08,no_projection,0.0,1.235644567333873,0.7652660912444471,1,3.644844107400427,46.707356786890024
legacy,raw,6.0,32,0.1875,0.02,0.8749047895655017,step,4,0.08,projected,0.0,1.7763568394002505e-15,1.7763568394002505e-15,0,3.6624423392551657,46.42696892464186
legacy,raw,18.0,16,1.125,0.02,3.996921441413116e-24,sampled,0,0.0,both,0.0,0.22015900216012108,0.22015900216012108,0,1.0727293431602727,36.56845030795877
legacy,raw,18.0,16,1.125,0.02,3.996921441413116e-24,start,0,0.0,both,0.0,0.22015900216012108,0.22015900216012108,0,1.0727293431602727,36.56845030795877
legacy,raw,18.0,16,1.125,0.02,3.996921441413116e-24,step,1,0.02,no_projection,0.0,0.22341674344345136,0.22341674344345136,0,1.0752351389925523,36.50886408939569
legacy,raw,18.0,16,1.125,0.02,3.996921441413116e-24,step,1,0.02,projected,0.0,1.6653345369377348e-16,1.6653345369377348e-16,0,1.089698426566417,35.574807667189106
legacy,raw,18.0,16,1.125,0.02,3.996921441413116e-24,step,2,0.04,no_projection,0.0,0.22666678249113292,0.22666678249113292,0,1.0777089772945123,36.452847939629436
legacy,raw,18.0,16,1.125,0.02,3.996921441413116e-24,step,2,0.04,projected,0.0,1.1102230246251565e-16,1.1102230246251565e-16,0,1.09249089944201,35.48218925633024
legacy,raw,18.0,16,1.125,0.02,3.996921441413116e-24,step,3,0.06,no_projection,0.0,0.2299069847044059,0.2299069847044059,0,1.0801499704280042,36.40031162469906
legacy,raw,18.0,16,1.125,0.02,3.996921441413116e-24,step,3,0.06,projected,0.0,1.1102230246251565e-16,1.1102230246251565e-16,0,1.0952683855964733,35.39261825478485
legacy,raw,18.0,16,1.125,0.02,3.996921441413116e-24,step,4,0.08,no_projection,0.0,0.23313537538145457,0.23313537538145457,0,1.0825573345066486,36.351173073802094
legacy,raw,18.0,16,1.125,0.02,3.996921441413116e-24,step,4,0.08,projected,0.0,8.326672684688674e-17,8.326672684688674e-17,0,1.0980300137660801,35.3060065748917
legacy,raw,18.0,32,0.5625,0.02,7.577890282393599e-24,sampled,0,0.0,both,0.0,0.4076258735574718,0.4076258735574718,0,2.591822046851638,47.188339776552
legacy,raw,18.0,32,0.5625,0.02,7.577890282393599e-24,start,0,0.0,both,0.0,0.4076258735574718,0.4076258735574718,0,2.591822046851638,47.188339776552
legacy,raw,18.0,32,0.5625,0.02,7.577890282393599e-24,step,1,0.02,no_projection,0.0,0.4202628330730154,0.4202628330730154,0,2.591277548237243,47.05782574901311
legacy,raw,18.0,32,0.5625,0.02,7.577890282393599e-24,step,1,0.02,projected,0.0,4.440892098500626e-16,4.440892098500626e-16,0,2.6628243008007453,46.76576956832165
legacy,raw,18.0,32,0.5625,0.02,7.577890282393599e-24,step,2,0.04,no_projection,0.0,0.43183447417666876,0.43183447417666876,0,2.588197951815377,46.93887080233191
legacy,raw,18.0,32,0.5625,0.02,7.577890282393599e-24,step,2,0.04,projected,0.0,4.440892098500626e-16,4.440892098500626e-16,0,2.6636583991309104,46.62982570770364
legacy,raw,18.0,32,0.5625,0.02,7.577890282393599e-24,step,3,0.06,no_projection,0.0,0.4421826197667795,0.4421826197667795,0,2.5825684462355114,46.83133717560352
legacy,raw,18.0,32,0.5625,0.02,7.577890282393599e-24,step,3,0.06,projected,0.0,4.440892098500626e-16,4.440892098500626e-16,0,2.6629026354597,46.49895981736653
legacy,raw,18.0,32,0.5625,0.02,7.577890282393599e-24,step,4,0.08,no_projection,0.0,0.46441867062865677,0.46441867062865677,0,2.5744162050281814,46.73514959151478
legacy,raw,18.0,32,0.5625,0.02,7.577890282393599e-24,step,4,0.08,projected,0.0,4.440892098500626e-16,4.440892098500626e-16,0,2.6605439980602896,46.373030229962495
legacy,raw,18.0,48,0.375,0.02,8.579778589356725e-24,sampled,0,0.0,both,0.0,0.23398839845424968,0.23398839845424968,0,3.398304010780025,47.18973953091498
legacy,raw,18.0,48,0.375,0.02,8.579778589356725e-24,start,0,0.0,both,0.0,0.23398839845424968,0.23398839845424968,0,3.398304010780025,47.18973953091498
legacy,raw,18.0,48,0.375,0.02,8.579778589356725e-24,step,1,0.02,no_projection,0.0,0.26196121972432396,0.26196121972432396,0,3.3719679670884175,47.09428701883005
legacy,raw,18.0,48,0.375,0.02,8.579778589356725e-24,step,1,0.02,projected,0.0,8.881784197001252e-16,8.881784197001252e-16,0,3.356331040357119,47.037791483115555
legacy,raw,18.0,48,0.375,0.02,8.579778589356725e-24,step,2,0.04,no_projection,0.0,0.31170365251072885,0.31170365251072885,0,3.345947122809752,47.01302975395213
legacy,raw,18.0,48,0.375,0.02,8.579778589356725e-24,step,2,0.04,projected,0.0,6.661338147750939e-16,6.661338147750939e-16,0,3.3283421667973756,46.937628941918675
legacy,raw,18.0,48,0.375,0.02,8.579778589356725e-24,step,3,0.06,no_projection,0.0,0.423949938989289,0.423949938989289,0,3.3161777742617344,46.945721662248694
legacy,raw,18.0,48,0.375,0.02,8.579778589356725e-24,step,3,0.06,projected,0.0,6.661338147750939e-16,6.661338147750939e-16,0,3.2992175091687104,46.84045862667434
legacy,raw,18.0,48,0.375,0.02,8.579778589356725e-24,step,4,0.08,no_projection,0.0,0.532109945303876,0.532109945303876,0,3.283069448251049,46.892159173444924
legacy,raw,18.0,48,0.375,0.02,8.579778589356725e-24,step,4,0.08,projected,0.0,8.881784197001252e-16,8.881784197001252e-16,0,3.269163474813058,46.74628295136819
smooth,projected,6.0,8,0.75,0.02,0.0328348677315899,sampled,0,0.0,both,0.0,0.4760919858003476,0.4760919858003476,0,2.0511294150385497,38.445939681212806
smooth,projected,6.0,8,0.75,0.02,0.0328348677315899,start,0,0.0,both,0.182335996825643,4.440892098500626e-16,4.440892098500626e-16,0,2.0582913450862055,37.167749987117716
smooth,projected,6.0,8,0.75,0.02,0.0328348677315899,step,1,0.02,no_projection,0.182335996825643,0.03483996263287237,0.03483996263287237,0,2.044294308381032,36.96757624486732
smooth,projected,6.0,8,0.75,0.02,0.0328348677315899,step,1,0.02,projected,0.182335996825643,2.220446049250313e-16,2.220446049250313e-16,1,2.0446487471868235,36.96235260377469
smooth,projected,6.0,8,0.75,0.02,0.0328348677315899,step,2,0.04,no_projection,0.182335996825643,0.06877818103979855,0.06877818103979855,0,2.030802809688594,36.78619298920087
smooth,projected,6.0,8,0.75,0.02,0.0328348677315899,step,2,0.04,projected,0.182335996825643,2.220446049250313e-16,2.220446049250313e-16,0,2.0313154168700405,36.768951770637095
smooth,projected,6.0,8,0.75,0.02,0.0328348677315899,step,3,0.06,no_projection,0.182335996825643,0.10180907419654725,0.10180907419654725,0,2.017781410021572,36.622500285851224
smooth,projected,6.0,8,0.75,0.02,0.0328348677315899,step,3,0.06,projected,0.182335996825643,4.440892098500626e-16,4.440892098500626e-16,0,2.0183004536037914,36.58693396056228
smooth,projected,6.0,8,0.75,0.02,0.0328348677315899,step,4,0.08,no_projection,0.182335996825643,0.13392717632922693,0.13392717632922693,0,2.005200080400497,36.475514155512506
smooth,projected,6.0,8,0.75,0.02,0.0328348677315899,step,4,0.08,projected,0.182335996825643,3.3306690738754696e-16,3.3306690738754696e-16,0,2.0056119817597406,36.4157055113414
smooth,projected,6.0,16,0.375,0.02,0.04748598774746891,sampled,0,0.0,both,0.0,0.32280866230094113,0.2358676294674913,1,3.7702202455070757,39.14077906495789
smooth,projected,6.0,16,0.375,0.02,0.04748598774746891,start,0,0.0,both,0.037893258105996856,8.881784197001252e-16,8.881784197001252e-16,0,3.7712799355306688,39.084576859052284
smooth,projected,6.0,16,0.375,0.02,0.04748598774746891,step,1,0.02,no_projection,0.037893258105996856,0.1692014702795594,0.1692014702795594,0,3.7412131939577487,38.98087468844002
smooth,projected,6.0,16,0.375,0.02,0.04748598774746891,step,1,0.02,projected,0.037893258105996856,6.661338147750939e-16,6.661338147750939e-16,0,3.7346221286467274,38.96554169600469
smooth,projected,6.0,16,0.375,0.02,0.04748598774746891,step,2,0.04,no_projection,0.037893258105996856,0.3295697264600045,0.3295697264600045,0,3.7073093040880414,38.893391698362095
smooth,projected,6.0,16,0.375,0.02,0.04748598774746891,step,2,0.04,projected,0.037893258105996856,6.661338147750939e-16,6.661338147750939e-16,0,3.6977575600628496,38.849365340238826
smooth,projected,6.0,16,0.375,0.02,0.04748598774746891,step,3,0.06,no_projection,0.037893258105996856,0.48164026174245084,0.48164026174245084,0,3.670161251756245,38.82152123464142
smooth,projected,6.0,16,0.375,0.02,0.04748598774746891,step,3,0.06,projected,0.037893258105996856,6.661338147750939e-16,6.661338147750939e-16,0,3.6609135234738934,38.73605776527622
smooth,projected,6.0,16,0.375,0.02,0.04748598774746891,step,4,0.08,no_projection,0.037893258105996856,0.6264295963655927,0.6264295963655927,0,3.6303171526608162,38.76477901421042
smooth,projected,6.0,16,0.375,0.02,0.04748598774746891,step,4,0.08,projected,0.037893258105996856,6.661338147750939e-16,6.661338147750939e-16,0,3.624307594525908,38.625629326023045
smooth,projected,6.0,32,0.1875,0.02,0.05208195290135824,sampled,0,0.0,both,0.0,0.18479294783935263,0.07804822017828161,1,4.184023152680498,39.1407005125464
smooth,projected,6.0,32,0.1875,0.02,0.05208195290135824,start,0,0.0,both,0.009635700005197447,1.1102230246251565e-15,1.1102230246251565e-15,0,4.184884905143138,39.13706642709706
smooth,projected,6.0,32,0.1875,0.02,0.05208195290135824,step,1,0.02,no_projection,0.009635700005197447,0.2796521320115434,0.2796521320115434,0,4.165605143575869,39.069738176774834
smooth,projected,6.0,32,0.1875,0.02,0.05208195290135824,step,1,0.02,projected,0.009635700005197447,1.3461454173580023e-15,1.3461454173580023e-15,0,4.159186794533027,39.050425603058756
smooth,projected,6.0,32,0.1875,0.02,0.05208195290135824,step,2,0.04,no_projection,0.009635700005197447,0.5509850271621488,0.5509850271621488,0,4.13546480831529,39.01741099531864
smooth,projected,6.0,32,0.1875,0.02,0.05208195290135824,step,2,0.04,projected,0.009635700005197447,1.3322676295501878e-15,1.3322676295501878e-15,0,4.132406119478645,38.96544496333415
smooth,projected,6.0,32,0.1875,0.02,0.05208195290135824,step,3,0.06,no_projection,0.009635700005197447,0.8096992179398789,0.8096992179398789,0,4.095475911425054,38.97983461755555
smooth,projected,6.0,32,0.1875,0.02,0.05208195290135824,step,3,0.06,projected,0.009635700005197447,1.5543122344752192e-15,1.5543122344752192e-15,0,4.104714311284171,38.8820998227584
smooth,projected,6.0,32,0.1875,0.02,0.05208195290135824,step,4,0.08,no_projection,0.009635700005197447,1.0521234211785806,1.0521234211785806,0,4.051419245447849,38.95680858932931
smooth,projected,6.0,32,0.1875,0.02,0.05208195290135824,step,4,0.08,projected,0.009635700005197447,1.3322676295501878e-15,1.3322676295501878e-15,0,4.082128223221491,38.80036534387529
smooth,projected,18.0,16,1.125,0.02,2.1940204359366874e-34,sampled,0,0.0,both,0.0,0.2951832704715661,0.2951832704715661,0,1.1099415679863631,31.15268658589827
smooth,projected,18.0,16,1.125,0.02,2.1940204359366874e-34,start,0,0.0,both,0.2535835172907229,1.6653345369377348e-16,1.6653345369377348e-16,0,1.1224640632162217,29.14942552854227
smooth,projected,18.0,16,1.125,0.02,2.1940204359366874e-34,step,1,0.02,no_projection,0.2535835172907229,0.006835041725922031,0.006835041725922031,0,1.1236744257741957,29.07170929347547
smooth,projected,18.0,16,1.125,0.02,2.1940204359366874e-34,step,1,0.02,projected,0.2535835172907229,8.326672684688674e-17,8.326672684688674e-17,0,1.123722303910345,29.070770323381556
smooth,projected,18.0,16,1.125,0.02,2.1940204359366874e-34,step,2,0.04,no_projection,0.2535835172907229,0.013944740383983412,0.013944740383983412,0,1.1248616221290064,28.997008252547623
smooth,projected,18.0,16,1.125,0.02,2.1940204359366874e-34,step,2,0.04,projected,0.2535835172907229,8.326672684688674e-17,8.326672684688674e-17,0,1.1249703559843987,28.994377250393633
smooth,projected,18.0,16,1.125,0.02,2.1940204359366874e-34,step,3,0.06,no_projection,0.2535835172907229,0.021325580177016357,0.021325580177016357,0,1.1260243283735603,28.925252775544045
smooth,projected,18.0,16,1.125,0.02,2.1940204359366874e-34,step,3,0.06,projected,0.2535835172907229,1.1102230246251565e-16,1.1102230246251565e-16,0,1.1262072872856705,28.920177188915794
smooth,projected,18.0,16,1.125,0.02,2.1940204359366874e-34,step,4,0.08,no_projection,0.2535835172907229,0.028973942978196054,0.028973942978196054,0,1.1271612920835814,28.85637884678186
smooth,projected,18.0,16,1.125,0.02,2.1940204359366874e-34,step,4,0.08,projected,0.2535835172907229,1.3877787807814457e-16,1.3877787807814457e-16,0,1.1274321753994396,28.848102987403085
smooth,projected,18.0,32,0.5625,0.02,2.794907558085883e-34,sampled,0,0.0,both,0.0,0.36915321838530124,0.36915321838530124,0,2.731722330997297,39.07416409349064
smooth,projected,18.0,32,0.5625,0.02,2.794907558085883e-34,start,0,0.0,both,0.09450908468589993,2.7755575615628914e-16,2.7755575615628914e-16,0,2.7407753674554156,38.72515494580995
smooth,projected,18.0,32,0.5625,0.02,2.794907558085883e-34,step,1,0.02,no_projection,0.09450908468589993,0.08815618163363032,0.08815618163363032,0,2.7390402905502826,38.56874706773641
smooth,projected,18.0,32,0.5625,0.02,2.794907558085883e-34,step,1,0.02,projected,0.09450908468589993,4.440892098500626e-16,4.440892098500626e-16,0,2.7398854254021314,38.55892284148302
smooth,projected,18.0,32,0.5625,0.02,2.794907558085883e-34,step,2,0.04,no_projection,0.09450908468589993,0.1742340288573351,0.1742340288573351,0,2.738032024973444,38.430211102675
smooth,projected,18.0,32,0.5625,0.02,2.794907558085883e-34,step,2,0.04,projected,0.09450908468589993,4.440892098500626e-16,4.440892098500626e-16,0,2.73810969142357,38.39906630948046
smooth,projected,18.0,32,0.5625,0.02,2.794907558085883e-34,step,3,0.06,no_projection,0.09450908468589993,0.25809001417433103,0.25809001417433103,0,2.736476966876358,38.3084351691708
smooth,projected,18.0,32,0.5625,0.02,2.794907558085883e-34,step,3,0.06,projected,0.09450908468589993,4.440892098500626e-16,4.440892098500626e-16,0,2.7372608951740567,38.2453242681886
smooth,projected,18.0,32,0.5625,0.02,2.794907558085883e-34,step,4,0.08,no_projection,0.09450908468589993,0.3395880562019957,0.3395880562019957,0,2.732515029111418,38.20246303771098
smooth,projected,18.0,32,0.5625,0.02,2.794907558085883e-34,step,4,0.08,projected,0.09450908468589993,4.440892098500626e-16,4.440892098500626e-16,0,2.7356381601311504,38.09744324028022
smooth,projected,18.0,48,0.375,0.02,2.77415690915365e-34,sampled,0,0.0,both,0.0,0.24229462040307131,0.24229462040307131,0,3.7702202455070757,39.14104357977216
smooth,projected,18.0,48,0.375,0.02,2.77415690915365e-34,start,0,0.0,both,0.03586037722949676,6.661338147750939e-16,6.661338147750939e-16,0,3.7717875159175707,39.09070950288504
smooth,projected,18.0,48,0.375,0.02,2.77415690915365e-34,step,1,0.02,no_projection,0.03586037722949676,0.1691433571292006,0.1691433571292006,0,3.741644582896871,38.986897040633416
smooth,projected,18.0,48,0.375,0.02,2.77415690915365e-34,step,1,0.02,projected,0.03586037722949676,6.661338147750939e-16,6.661338147750939e-16,0,3.7350113125070026,38.97169874721193
smooth,projected,18.0,48,0.375,0.02,2.77415690915365e-34,step,2,0.04,no_projection,0.03586037722949676,0.32942781846510927,0.32942781846510927,0,3.7076694181682592,38.8992637308608
smooth,projected,18.0,48,0.375,0.02,2.77415690915365e-34,step,2,0.04,projected,0.03586037722949676,6.661338147750939e-16,6.661338147750939e-16,0,3.6980321254209634,38.855538359995094
smooth,projected,18.0,48,0.375,0.02,2.77415690915365e-34,step,3,0.06,no_projection,0.03586037722949676,0.4820089266211567,0.4820089266211567,0,3.670457126000848,38.82720372601231
smooth,projected,18.0,48,0.375,0.02,2.77415690915365e-34,step,3,0.06,projected,0.03586037722949676,6.661338147750939e-16,6.661338147750939e-16,0,3.6610816371638624,38.74224313393247
smooth,projected,18.0,48,0.375,0.02,2.77415690915365e-34,step,4,0.08,no_projection,0.03586037722949676,0.6268972540351628,0.6268972540351628,0,3.630557420818683,38.77023276702913
smooth,projected,18.0,48,0.375,0.02,2.77415690915365e-34,step,4,0.08,projected,0.03586037722949676,6.661338147750939e-16,6.661338147750939e-16,0,3.6243810789765885,38.63182700163125
smooth,projected,6.0,32,0.1875,0.01,0.05208195290135824,sampled,0,0.0,both,0.0,0.18479294783935263,0.07804822017828161,1,4.184023152680498,39.1407005125464
smooth,projected,6.0,32,0.1875,0.01,0.05208195290135824,start,0,0.0,both,0.009635700005197447,1.1102230246251565e-15,1.1102230246251565e-15,0,4.184884905143138,39.13706642709706
smooth,projected,6.0,32,0.1875,0.01,0.05208195290135824,step,1,0.01,no_projection,0.009635700005197447,0.1398260660057717,0.1398260660057717,0,4.173887243945666,39.09496405736912
smooth,projected,6.0,32,0.1875,0.01,0.05208195290135824,step,1,0.01,projected,0.009635700005197447,1.5543122344752192e-15,1.5543122344752192e-15,0,4.171794406247666,39.090135913940095
smooth,projected,6.0,32,0.1875,0.01,0.05208195290135824,step,2,0.02,no_projection,0.009635700005197447,0.27764696452805115,0.27764696452805115,0,4.160188312390673,39.056667184336966
smooth,projected,6.0,32,0.1875,0.01,0.05208195290135824,step,2,0.02,projected,0.009635700005197447,1.3322676295501878e-15,1.3322676295501878e-15,0,4.158430532539282,39.043631909027596
smooth,projected,6.0,32,0.1875,0.01,0.05208195290135824,step,3,0.03,no_projection,0.009635700005197447,0.4129130727035337,0.4129130727035337,0,4.143916169507203,39.022134170662866
smooth,projected,6.0,32,0.1875,0.01,0.05208195290135824,step,3,0.03,projected,0.009635700005197447,1.5543122344752192e-15,1.5543122344752192e-15,0,4.1448144426643045,38.997550882935506
smooth,projected,6.0,32,0.1875,0.01,0.05208195290135824,step,4,0.04,no_projection,0.009635700005197447,0.5451104446423655,0.5451104446423655,0,4.125207754110561,38.99132708434925
smooth,projected,6.0,32,0.1875,0.01,0.05208195290135824,step,4,0.04,projected,0.009635700005197447,1.3322676295501878e-15,1.3322676295501878e-15,0,4.1309682309357285,38.9518893464835
smooth,projected,6.0,32,0.1875,0.01,0.05208195290135824,step,5,0.05,no_projection,0.009635700005197447,0.6737665100188621,0.6737665100188621,0,4.10420623508277,38.96421139735196
smooth,projected,6.0,32,0.1875,0.01,0.05208195290135824,step,5,0.05,projected,0.009635700005197447,1.3322676295501878e-15,1.3322676295501878e-15,0,4.1169147361179395,38.906643837811856
smooth,projected,6.0,32,0.1875,0.01,0.05208195290135824,step,6,0.06,no_projection,0.009635700005197447,0.7984546625521783,0.7984546625521783,0,4.081058575684075,38.9407557056456
smooth,projected,6.0,32,0.1875,0.01,0.05208195290135824,step,6,0.06,projected,0.009635700005197447,1.3322676295501878e-15,1.3322676295501878e-15,0,4.102677342861668,38.861810909267945
smooth,projected,6.0,32,0.1875,0.01,0.05208195290135824,step,7,0.07,no_projection,0.009635700005197447,0.9187976692415507,0.9187976692415507,0,4.05643924577006,38.92093146867136
smooth,projected,6.0,32,0.1875,0.01,0.05208195290135824,step,7,0.07,projected,0.009635700005197447,1.3322676295501878e-15,1.3322676295501878e-15,0,4.090590304026817,38.81738711419615
smooth,projected,6.0,32,0.1875,0.01,0.05208195290135824,step,8,0.08,no_projection,0.009635700005197447,1.0344698800755978,1.0344698800755978,0,4.03142246824996,38.904712766576615
smooth,projected,6.0,32,0.1875,0.01,0.05208195290135824,step,8,0.08,projected,0.009635700005197447,1.3322676295501878e-15,1.3322676295501878e-15,0,4.078909668932085,38.77336899372204
