N,dt,step,time,max_div,interior_div,max_div_on_edge,max_grad,energy,max_speed,advective_cfl,diffusion_number,linear_advection_diffusion_ratio
32,0.001,0,0.0,1.3322676295501878e-15,1.3322676295501878e-15,0,8.496596209599433,40.30455719309262,2.267056205528781,0.017355631637919196,0.0017066666666666667,0.25697719195132773
32,0.001,20,0.02,1.4432899320127035e-15,1.4432899320127035e-15,0,8.394765510467144,40.07467032218551,2.2746483263372324,0.01752884364699802,0.0017066666666666667,0.2587012504254386
32,0.001,40,0.04,1.3322676295501878e-15,1.3322676295501878e-15,0,8.285654256970586,39.8484739750165,2.27883692085562,0.017682949579591347,0.0017066666666666667,0.2596548855927361
32,0.001,60,0.06,1.7763568394002505e-15,1.7763568394002505e-15,0,8.17125613868009,39.62608985988157,2.283460315180858,0.017814969307356324,0.0017066666666666667,0.26070955055029316
32,0.001,80,0.08,1.3322676295501878e-15,1.3322676295501878e-15,0,8.05946956196649,39.40764187869434,2.2926482188551733,0.017922298835025413,0.0017066666666666667,0.26281179277098987
64,0.001,0,0.0,2.4424906541753444e-15,2.4424906541753444e-15,0,10.710468178915445,40.34490364892996,2.292033085120972,0.03503245634088213,0.006826666666666667,0.26267078316445813
64,0.001,20,0.02,2.6645352591003757e-15,2.6645352591003757e-15,0,10.448211706954798,40.11944979304755,2.300837741561592,0.03532473872368315,0.006826666666666667,0.2646927156497125
64,0.001,40,0.04,2.6645352591003757e-15,2.6645352591003757e-15,0,10.208059881711533,39.89923747752773,2.3090488605935016,0.035576310915544564,0.006826666666666667,0.26658533203040735
64,0.001,60,0.06,2.886579864025407e-15,2.886579864025407e-15,0,9.982838955730125,39.684096108927044,2.3156036112801566,0.03578791731256149,0.006826666666666667,0.26810100422868516
64,0.001,80,0.08,2.886579864025407e-15,2.886579864025407e-15,0,9.77179126406626,39.473865653655324,2.3213292267201404,0.03596354558948423,0.006826666666666667,0.26942846894125627
128,0.001,0,0.0,4.773959005888173e-15,4.773959005888173e-15,0,11.51638686705209,40.347260603758585,2.2988961996281936,0.07029746851422289,0.027306666666666667,0.2642461868332475
128,0.001,20,0.02,5.662137425588298e-15,5.662137425588298e-15,0,11.190829628603375,40.12390478617262,2.3080778234918515,0.07080890919157752,0.027306666666666667,0.2663611619647441
128,0.001,40,0.04,5.551115123125783e-15,5.551115123125783e-15,0,10.884760723731123,39.90631990380326,2.3159940873558793,0.07125016592307686,0.027306666666666667,0.26819143063336964
128,0.001,60,0.06,5.551115123125783e-15,5.551115123125783e-15,0,10.599750267384355,39.69405293708844,2.322727459401743,0.07176362926254387,0.027306666666666667,0.26975314253294375
128,0.001,80,0.08,5.773159728050814e-15,5.773159728050814e-15,0,10.348072325276078,39.486738983791085,2.328301662204094,0.07219196480145626,0.027306666666666667,0.2710494315111173
128,0.0005,0,0.0,4.773959005888173e-15,4.773959005888173e-15,0,11.51638686705209,40.347260603758585,2.2988961996281936,0.035148734257111444,0.013653333333333333,0.13212309341662376
128,0.0005,40,0.02,5.88418203051333e-15,5.88418203051333e-15,0,11.190637681156241,40.12331141226947,2.3080265399651063,0.03540385772966487,0.013653333333333333,0.13317466272958253
128,0.0005,80,0.04,5.551115123125783e-15,5.551115123125783e-15,0,10.884358711141328,39.90516148811752,2.315889748432298,0.035623849483635915,0.013653333333333333,0.1340836331723453
128,0.0005,120,0.06,5.551115123125783e-15,5.551115123125783e-15,0,10.599071514667385,39.69235430687279,2.3225689363352005,0.035879919978594535,0.013653333333333333,0.1348581616007306
128,0.0005,160,0.08,5.995204332975845e-15,5.995204332975845e-15,0,10.347793114888836,39.484521855728644,2.328087974481975,0.03609340249729295,0.013653333333333333,0.13549984042318963
256,0.001,0,0.0,1.2434497875801753e-14,1.2434497875801753e-14,0,11.71530046030924,40.347376242512205,2.3005293670172926,0.14069556951109763,0.10922666666666667,0.2646217684254492
256,0.001,20,0.02,1.1879386363489175e-14,1.1879386363489175e-14,0,11.373897622159284,40.124624347800506,2.309850441376596,0.141671914618145,0.10922666666666667,0.2667704530763828
256,0.001,40,0.04,1.2212453270876722e-14,1.2212453270876722e-14,0,11.05750173993029,39.907793469402435,2.31782016471991,0.14262395823803242,0.10922666666666667,0.2686145157991115
256,0.001,60,0.06,1.3100631690576847e-14,1.3100631690576847e-14,0,10.767317679282556,39.696330064639994,2.324519689405954,0.1435252727675035,0.10922666666666667,0.27016958932179763
256,0.001,80,0.08,1.2656542480726785e-14,1.2656542480726785e-14,0,10.501478878506463,39.48980484504906,2.3300724123756824,0.14446184858446914,0.10922666666666667,0.2714618723457116
256,0.0005,0,0.0,1.2434497875801753e-14,1.2434497875801753e-14,0,11.71530046030924,40.347376242512205,2.3005293670172926,0.07034778475554881,0.05461333333333333,0.1323108842127246
256,0.0005,40,0.02,1.1879386363489175e-14,1.1879386363489175e-14,0,11.37368992531302,40.124020079828554,2.3097985881552137,0.07083475146313434,0.05461333333333333,0.13337923794609546
256,0.0005,80,0.04,1.2212453270876722e-14,1.2212453270876722e-14,0,11.057057875664789,39.90661421980856,2.3177147720034297,0.07130944893345965,0.05461333333333333,0.13429504410907273
256,0.0005,120,0.06,1.3988810110276972e-14,1.3988810110276972e-14,0,10.76701833667683,39.694601417734496,2.324359932657822,0.07175891183163492,0.05461333333333333,0.13506622741362684
256,0.0005,160,0.08,1.176836406102666e-14,1.176836406102666e-14,0,10.50095811274869,39.48754914562619,2.329857516320416,0.07222584828519842,0.05461333333333333,0.1357059011588684
