N,dt,schedule,time,energy,neighbor_gradient_rms,viscous_loss_rate,observed_energy_loss,cumulative_viscous_trapezoid,residual_trapezoid
256,0.001,all_saved,0.0,40.347376242512205,2.290533366825761,11.332533105811056,0.0,0.0,0.0
256,0.001,all_saved,0.08,39.48980484504908,2.1775119143572947,10.241765576282818,0.8575713974631256,0.862971947283755,0.00540054982062943
256,0.001,all_saved,0.16,38.70681828312414,2.090186116364086,9.436776482248952,1.6405579593880617,1.6501136296250256,0.009555670236963909
256,0.001,all_saved,0.2,38.337838657477164,2.0524503033549664,9.09911285512249,2.0095375850350408,2.0208314163724546,0.011293831337413796
256,0.001,all_saved,0.24,37.981798299445536,2.0180007526381956,8.79622640132038,2.3655779430666684,2.378738201501312,0.013160258434643524
256,0.001,all_saved,0.28,37.63735113709245,1.9866832648753405,8.525326453061204,2.710025105419753,2.7251692585889438,0.015144153169190933
256,0.001,all_saved,0.32,37.30322123620779,1.958493644905267,8.285106291410129,3.0441550063044147,3.0613779134783705,0.017222907173955804
256,0.001,all_saved,0.36,36.97816430899234,1.933507865234054,8.07505775623141,3.369211933519864,3.388581194431201,0.01936926091133717
256,0.001,all_saved,0.4,36.66095059179927,1.911829257453312,7.8949967968536825,3.686425650712934,3.7079822854929034,0.021556634779969386
256,0.001,common_saved,0.0,40.347376242512205,2.290533366825761,11.332533105811056,0.0,0.0,0.0
256,0.001,common_saved,0.08,39.48980484504908,2.1775119143572947,10.241765576282818,0.8575713974631256,0.862971947283755,0.00540054982062943
256,0.001,common_saved,0.16,38.70681828312414,2.090186116364086,9.436776482248952,1.6405579593880617,1.6501136296250256,0.009555670236963909
256,0.001,common_saved,0.2,38.337838657477164,2.0524503033549664,9.09911285512249,2.0095375850350408,2.0208314163724546,0.011293831337413796
256,0.001,common_saved,0.24,37.981798299445536,2.0180007526381956,8.79622640132038,2.3655779430666684,2.378738201501312,0.013160258434643524
256,0.001,common_saved,0.28,37.63735113709245,1.9866832648753405,8.525326453061204,2.710025105419753,2.7251692585889438,0.015144153169190933
256,0.001,common_saved,0.32,37.30322123620779,1.958493644905267,8.285106291410129,3.0441550063044147,3.0613779134783705,0.017222907173955804
256,0.001,common_saved,0.36,36.97816430899234,1.933507865234054,8.07505775623141,3.369211933519864,3.388581194431201,0.01936926091133717
256,0.001,common_saved,0.4,36.66095059179927,1.911829257453312,7.8949967968536825,3.686425650712934,3.7079822854929034,0.021556634779969386
256,0.001,uniform_later,0.16,38.70681828312414,2.090186116364086,9.436776482248952,0.0,0.0,0.0
256,0.001,uniform_later,0.2,38.337838657477164,2.0524503033549664,9.09911285512249,0.36897962564697906,0.37071778674742895,0.0017381611004498865
256,0.001,uniform_later,0.24,37.981798299445536,2.0180007526381956,8.79622640132038,0.7250199836786066,0.7286245718762862,0.0036045881976795036
256,0.001,uniform_later,0.28,37.63735113709245,1.9866832648753405,8.525326453061204,1.0694671460316911,1.0750556289639182,0.0055884829322270235
256,0.001,uniform_later,0.32,37.30322123620779,1.958493644905267,8.285106291410129,1.403597046916353,1.4112642838533447,0.007667236936991673
256,0.001,uniform_later,0.36,36.97816430899234,1.933507865234054,8.07505775623141,1.7286539741318023,1.7384675648061754,0.00981359067437304
256,0.001,uniform_later,0.4,36.66095059179927,1.911829257453312,7.8949967968536825,2.0458676913248723,2.0578686558678774,0.012000964543005033
384,0.001,all_saved,0.0,40.347381983512456,2.291594813057537,11.343038660421572,0.0,0.0,0.0
384,0.001,all_saved,0.04,39.90805666740226,2.230158144486362,10.74298755474472,0.43932531611019243,0.44172052430332587,0.0023952081931334357
384,0.001,all_saved,0.08,39.49036595817607,2.1781156657090586,10.247445762927585,0.8570160253363852,0.8615291906567719,0.004513165320386703
384,0.001,all_saved,0.12,39.091035375591055,2.132130967591321,9.81932211999771,1.256346607921401,1.2628645483152776,0.006517940393876653
384,0.001,all_saved,0.16,38.70779355736772,2.090651646831084,9.440980506138652,1.6395884261447335,1.6480706008380048,0.008482174693271283
384,0.001,all_saved,0.2,38.338877765041325,2.0528664568809063,9.102803089939414,2.0085042184711313,2.018946272759566,0.010442054288434921
384,0.001,all_saved,0.24,37.982803734331824,2.0183702351311923,8.799447757097257,2.3645782491806315,2.3769912897002996,0.012413040519668073
384,0.001,all_saved,0.28,37.63823722497102,1.9870075247091374,8.528109631021584,2.7091447585414343,2.723542437462677,0.014397678921242552
384,0.001,all_saved,0.32,37.30391826615871,1.9587756544651302,8.287492459374647,3.0434637173537453,3.0598544792706015,0.016390761916856178
384,0.001,all_saved,0.36,36.9786186835823,1.9337533463100767,8.077108329429306,3.3687632999301584,3.3871464950466805,0.01838319511652209
384,0.001,all_saved,0.4,36.66112236476547,1.9120465813760124,7.896791799399664,3.6862596187469876,3.70662449762326,0.020364878876272474
384,0.001,common_saved,0.0,40.347381983512456,2.291594813057537,11.343038660421572,0.0,0.0,0.0
384,0.001,common_saved,0.08,39.49036595817607,2.1781156657090586,10.247445762927585,0.8570160253363852,0.8636193769339663,0.006603351597581075
384,0.001,common_saved,0.16,38.70779355736772,2.090651646831084,9.440980506138652,1.6395884261447335,1.6511564276966157,0.011568001551882201
384,0.001,common_saved,0.2,38.338877765041325,2.0528664568809063,9.102803089939414,2.0085042184711313,2.022032099618177,0.01352788114704584
384,0.001,common_saved,0.24,37.982803734331824,2.0183702351311923,8.799447757097257,2.3645782491806315,2.38007711655891,0.015498867378278547
384,0.001,common_saved,0.28,37.63823722497102,1.9870075247091374,8.528109631021584,2.7091447585414343,2.7266282643212874,0.017483505779853026
384,0.001,common_saved,0.32,37.30391826615871,1.9587756544651302,8.287492459374647,3.0434637173537453,3.062940306129212,0.019476588775466652
384,0.001,common_saved,0.36,36.9786186835823,1.9337533463100767,8.077108329429306,3.3687632999301584,3.390232321905291,0.021469021975132563
384,0.001,common_saved,0.4,36.66112236476547,1.9120465813760124,7.896791799399664,3.6862596187469876,3.7097103244818705,0.02345070573488295
384,0.001,uniform_later,0.16,38.70779355736772,2.090651646831084,9.440980506138652,0.0,0.0,0.0
384,0.001,uniform_later,0.2,38.338877765041325,2.0528664568809063,9.102803089939414,0.3689157923263977,0.37087567192156135,0.0019598795951636383
384,0.001,uniform_later,0.24,37.982803734331824,2.0183702351311923,8.799447757097257,0.724989823035898,0.7289206888622946,0.003930865826396568
384,0.001,uniform_later,0.28,37.63823722497102,1.9870075247091374,8.528109631021584,1.0695563323967008,1.0754718366246716,0.005915504227970825
384,0.001,uniform_later,0.32,37.30391826615871,1.9587756544651302,8.287492459374647,1.4038752912090118,1.4117838784325962,0.007908587223584451
384,0.001,uniform_later,0.36,36.9786186835823,1.9337533463100767,8.077108329429306,1.729174873785425,1.7390758942086753,0.009901020423250362
384,0.001,uniform_later,0.4,36.66112236476547,1.9120465813760124,7.896791799399664,2.046671192602254,2.058553896785255,0.011882704183000747
384,0.0005,all_saved,0.0,40.347381983512456,2.291594813057537,11.343038660421572,0.0,0.0,0.0
384,0.0005,all_saved,0.04,39.90687334667572,2.2300361336727987,10.741812100170462,0.44050863683673924,0.4416970152118407,0.0011883783751014398
384,0.0005,all_saved,0.08,39.48810274688378,2.177907822358195,10.245490162608274,0.859279236628673,0.8614430604674154,0.0021638238387423625
384,0.0005,all_saved,0.12,39.08777177320799,2.1318618436641392,9.816843428217496,1.2596102103044657,1.2626897322839308,0.0030795219794650386
384,0.0005,all_saved,0.16,38.703592477690584,2.09033702448581,9.438139172022172,1.6437895058218714,1.6477893842887243,0.003999878466852902
384,0.0005,all_saved,0.2,38.333790632477914,2.05251650241931,9.099699824239769,2.013591351034542,2.018546164213963,0.004954813179421258
384,0.0005,all_saved,0.24,37.976873988816344,2.0179911767058574,8.796142920807412,2.370507994696112,2.3764630191149063,0.0059550244187942525
384,0.0005,all_saved,0.28,37.6315029399669,1.986602336032518,8.524631897704493,2.7158790435455558,2.722878515485145,0.006999471939589164
384,0.0005,all_saved,0.32,37.29641430257342,1.958344227541341,8.283842165256102,3.0509676809390385,3.059047996744357,0.008080315805318428
384,0.0005,all_saved,0.36,36.97037856586901,1.9332925593504673,8.073259459286142,3.3770034176434436,3.386190029235202,0.009186611591758265
384,0.0005,all_saved,0.4,36.65217991251393,1.911550492774958,7.89269461868488,3.6952020709985263,3.7055091107946225,0.010307039796096262
384,0.0005,common_saved,0.0,40.347381983512456,2.291594813057537,11.343038660421572,0.0,0.0,0.0
384,0.0005,common_saved,0.08,39.48810274688378,2.177907822358195,10.245490162608274,0.859279236628673,0.8635411529211939,0.004261916292520929
384,0.0005,common_saved,0.16,38.703592477690584,2.09033702448581,9.438139172022172,1.6437895058218714,1.6508863263064117,0.0070968204845403005
384,0.0005,common_saved,0.2,38.333790632477914,2.05251650241931,9.099699824239769,2.013591351034542,2.0216431062316507,0.008051755197108879
384,0.0005,common_saved,0.24,37.976873988816344,2.0179911767058574,8.796142920807412,2.370507994696112,2.3795599611325944,0.009051966436482317
384,0.0005,common_saved,0.28,37.6315029399669,1.986602336032518,8.524631897704493,2.7158790435455558,2.725975457502833,0.010096413957277228
384,0.0005,common_saved,0.32,37.29641430257342,1.958344227541341,8.283842165256102,3.0509676809390385,3.062144938762045,0.011177257823006492
384,0.0005,common_saved,0.36,36.97037856586901,1.9332925593504673,8.073259459286142,3.3770034176434436,3.38928697125289,0.01228355360944633
384,0.0005,common_saved,0.4,36.65217991251393,1.911550492774958,7.89269461868488,3.6952020709985263,3.7086060528123106,0.013403981813784327
384,0.0005,uniform_later,0.16,38.703592477690584,2.09033702448581,9.438139172022172,0.0,0.0,0.0
384,0.0005,uniform_later,0.2,38.333790632477914,2.05251650241931,9.099699824239769,0.36980184521267034,0.37075677992523887,0.0009549347125685226
384,0.0005,uniform_later,0.24,37.976873988816344,2.0179911767058574,8.796142920807412,0.7267184888742406,0.7286736348261824,0.0019551459519417946
384,0.0005,uniform_later,0.28,37.6315029399669,1.986602336032518,8.524631897704493,1.0720895377236843,1.0750891311964208,0.0029995934727364837
384,0.0005,uniform_later,0.32,37.29641430257342,1.958344227541341,8.283842165256102,1.407178175117167,1.4112586124556326,0.004080437338465526
384,0.0005,uniform_later,0.36,36.97037856586901,1.9332925593504673,8.073259459286142,1.7332139118215721,1.7384006449464773,0.005186733124905141
384,0.0005,uniform_later,0.4,36.65217991251393,1.911550492774958,7.89269461868488,2.051412565176655,2.057719726505898,0.00630716132924336
