time,full_energy,half_energy,quarter_energy,full_half_gap,half_quarter_gap
0.4,36.660950591799285,36.660950591799285,36.660950591799285,0.0,0.0
0.401,36.653068000571395,36.65306800731586,36.65306800901883,6.744464542407513e-09,1.7029719856509473e-09
0.402,36.645189575424624,36.645189588905815,36.645189592309805,1.34811912744226e-08,3.4039899787785544e-09
0.403,36.63731529738723,36.63731531759767,36.63731532270078,2.021043599143013e-08,5.103110822801682e-09
0.404,36.62944514749454,36.629445174427005,36.62944518122741,2.693246159424234e-08,6.800405571993906e-09
0.405,36.621579106789135,36.621579140436666,36.62157914893258,3.364753098367146e-08,8.495916858919372e-09
0.406,36.61371715632084,36.613717196676745,36.61371720686647,4.0355907060529717e-08,1.0189722843279014e-08
0.407,36.60585927714686,36.60585932420469,36.605859336086596,4.7057824303919915e-08,1.1881908790201123e-08
0.408,36.59800545033185,36.598005504085386,36.59800551765789,5.375353850922693e-08,1.357250312139513e-08
0.409,36.590155656947914,36.59015571739124,36.590155732652825,6.04433267881177e-08,1.5261583996561967e-08
0.41,36.5823098780748,36.58230994520222,36.582309962151434,6.712741651426768e-08,1.6949215364547854e-08
