name,seed,grid,dt,direction_original_point_RMSE,direction_global_mirror_point_RMSE,global_mirror_normal_point_RMSE,global_mirror_reversed_point_RMSE,arrangement_average_cloud_RMS,direction_average_cloud_RMS,interaction_difference_in_differences_cloud_RMS
s1024_n38_dt0.005,1024,38,0.005,0.19056557418861209,0.21025480395191506,0.21856969661952283,0.25555579683534646,0.1507345748696256,0.21740502114664254,0.36103058442343244
s1025_n38_dt0.005,1025,38,0.005,0.2311307879224728,0.24653261892962136,0.353399172061781,0.4385850562230565,0.22605004141944662,0.3163890402486851,0.37086848923995114
s1026_n38_dt0.005,1026,38,0.005,0.210237204932564,0.20521225521976216,0.2813015463488947,0.34437579951414404,0.15354555035881698,0.24274931377512984,0.25167235822878137
s1027_n38_dt0.005,1027,38,0.005,0.24526498352769502,0.24036579192820928,0.3698531999729072,0.471983172667308,0.1942371276450042,0.23341589102918145,0.49813052020681947
s1024_n56_dt0.005,1024,56,0.005,0.19090960569331014,0.20833645996036382,0.2174254754135069,0.254225912832022,0.1525266882138185,0.21881848966308057,0.3668397434870806
s1025_n56_dt0.005,1025,56,0.005,0.23040849991531775,0.2480403278958839,0.3540794941829538,0.4432813147107753,0.2279814386537179,0.32071860888507714,0.37743010340521715
s1026_n56_dt0.005,1026,56,0.005,0.2137078447394549,0.20637730829761125,0.2804802663836819,0.3500970609652872,0.15450924035382976,0.2452847600714674,0.2529786847483818
s1027_n56_dt0.005,1027,56,0.005,0.24484398974067334,0.24151659096031924,0.37053124464420645,0.4755599068177179,0.19596636586297045,0.23408699117468834,0.5033355722242293
s1024_n56_dt0.0025,1024,56,0.0025,0.19093002551687993,0.2083651910289553,0.21742337272574092,0.2541932026745723,0.15252554767931747,0.21881808868247757,0.3668365473036828
