kind,replica,case,duration_ps,late_Px,late_norm,late_field_projection,late_temperature_K,late_hbond_neighbors,late_connected_orientation,late_nematic_order,late_spatial_excess
water,0,baseline,80.0,0.015811105674861797,0.16367967761715396,0.0,301.5629354398145,3.34210708836177,0.2593340682189976,0.059936475160284164,0.2638359022020883
water,0,steady,40.0,0.6771744644492025,0.6838272043283622,0.6771744644492025,302.81039533063733,3.3506771697070206,0.094439138924995,0.3360952856120601,0.09691327241559801
water,0,rotate_a0.1_f0.1,40.0,-0.04063233959377879,0.1576138576167457,0.05349771723086983,301.00230585847845,3.345218352681039,0.252154212700342,0.05640845023396692,0.2566726338737018
water,0,rotate_a0.1_f0.5,20.0,-0.009218281517267791,0.1837597141175827,0.004552624109291764,298.67977044053276,3.3580707573244886,0.25264315512528246,0.0567428321987097,0.2571331551123392
water,0,rotate_a0.1_f1,12.0,0.07770317429696924,0.09669135744562407,0.011341308139460144,298.8324682277398,3.3667570009033425,0.2542287326969752,0.07170871896087411,0.2588321657418223
water,0,rotate_a0.5_f0.1,40.0,-0.01793402360150857,0.4065258965029848,0.16737418177410168,304.8012881070066,3.3131564400221114,0.1917609144719719,0.11808060225288125,0.19563385880208145
water,0,rotate_a0.5_f0.5,20.0,-0.01642045995498723,0.12039241873781352,0.03032861024504213,315.03844403056297,3.2791597567716972,0.2532196890760119,0.04979833154630926,0.25779857141015683
water,0,rotate_a0.5_f1,12.0,-0.016993225099701668,0.14394485213776376,0.030225964293684637,315.78968615389437,3.305103884372177,0.2552185293463526,0.07107460337866928,0.2597583696285167
water,0,rocking,30.0,-0.026121740049787574,0.13384382840939546,0.0243118379362412,311.3958564206314,3.288870553722039,0.23031182646577683,0.05445147631880834,0.2348630812343562
water,0,competing,40.0,0.051324520929814176,0.17711478939301717,0.03469888427737819,301.4435147408547,3.325456053067993,0.2383104358231568,0.0597478480460451,0.24278655840686536
water,0,chirp,40.0,-0.06403201274386666,0.19578674243526054,0.05284733434472813,315.0853623135864,3.271489773355445,0.24928616227951114,0.06824214124885263,0.2537387075325361
water,0,sequence_xyz,60.0,-0.013305044012307638,0.1695798772296155,0.0,302.50021587343093,3.3400589644370746,0.27006598068487586,0.07077107150525339,0.2745696901004217
water,0,sequence_scrambled,60.0,0.07306452220719775,0.19778796451150127,0.0,301.1349017321109,3.35599778883361,0.24354525639612132,0.062326040236774786,0.2480025293291125
water,0,ramp_fast,20.0,-0.35453285767407006,0.3793777108261483,0.3481246448275261,297.6603133499419,3.3658098396904363,0.21322542479541967,0.10475592573861268,0.21715720572269417
water,0,ramp_slow,60.0,-0.5456275991155904,0.5583890584908252,0.5439284419822701,300.00154613356244,3.353878754376267,0.145134338557235,0.2194525406515315,0.14830482152858368
water,0,history_positive,60.0,0.36565351628500503,0.37547467528800194,0.36565351628500503,301.0815271740892,3.343007186290769,0.21261374227724564,0.10517385630648997,0.2165812037974931
water,0,history_negative,60.0,0.2706094514036281,0.2922490487029811,0.2706094514036281,297.0509646527741,3.357057306062281,0.22570331784123795,0.07109554911938012,0.2299273995881587
water,0,pulses,40.0,0.2581811384768099,0.2851195910911636,0.027413349380175072,301.09547269994897,3.3422470978441132,0.23792124171497106,0.07118594886257926,0.24217103604440557
water,0,modulated_rotation,30.0,-0.004619558495310363,0.1506177446058603,0.02212659515320349,303.51369748859275,3.3258159149248256,0.25228046197260307,0.05760052430462852,0.2568091300934544
water,0,spatial_rotation,30.0,0.08280567904967363,0.11570833724421231,0.015403687108826994,302.45311252974227,3.3379171250458386,0.23578325286481674,0.06719621818511835,0.24036258383556736
water,0,spatial_release,60.0,0.028094798649391566,0.16407474712967773,0.0,302.48035592329353,3.3344849824949327,0.24964925701347848,0.05273717139150395,0.2541677226693869
water,0,thermal_quench,60.0,-0.002940485044471671,0.08640710671782845,0.0,301.42063773202847,3.3422240648608814,0.26254601961170637,0.060322608155631396,0.26715840022164034
water,0,low_drag,20.0,0.068471442525932,0.20118837280028518,0.06359350112898526,395.1577096317543,2.9875621890547266,0.2035364998847474,0.06552198394533393,0.2079746862040687
water,0,high_drag,20.0,-0.018611678055763026,0.17125227542872984,0.013703542510096478,299.2441874274128,3.3410724156992817,0.25099853390124816,0.06831680926049816,0.25548837571127864
water,0,feedback_align,40.0,0.4843583551870751,0.7022270729742228,0.7016435310094911,302.0437802123394,3.3645660585959094,0.08291680801915183,0.36234031710422443,0.08526724425713053
water,0,feedback_turn,40.0,0.0032272775186413345,0.13168056735448153,0.017433172395255554,313.56767120104405,3.300442233278054,0.24160619149751197,0.06208286554354588,0.24616724307713955
water,1,baseline,80.0,-0.02506560029652896,0.15223701309368112,0.0,301.42738439943656,3.3566028575391873,0.25879535524930464,0.05381322344079763,0.2633310781407415
water,1,steady,40.0,0.7193825806088149,0.7218661007496728,0.7193825806088149,296.2980985739364,3.378040353786622,0.07075808576655149,0.3857532562011007,0.07298297753333047
water,1,rotate_a0.1_f0.1,40.0,0.025983780198835193,0.1875946057030934,0.03170256161325181,299.8444786811215,3.367053620784964,0.25980825583133876,0.05550109046263999,0.2642717605113313
water,1,rotate_a0.1_f0.5,20.0,0.03230404625878835,0.09744908335661875,0.00847267095878758,295.00822206664907,3.3825317855168597,0.2511323796570371,0.05684898417819233,0.2557291465536601
water,1,rotate_a0.1_f1,12.0,0.03125374148314244,0.16734544484667527,0.01068594098114569,302.55071901914977,3.300135501355013,0.22800215794745765,0.06602962703499704,0.23251732400155958
water,1,rotate_a0.5_f0.1,40.0,-0.022211084813076577,0.4480797282913247,0.20531852264359593,310.1020269353149,3.318407960199005,0.18104038880177906,0.14067759284041892,0.18472698638690774
water,1,rotate_a0.5_f0.5,20.0,0.05235667647413997,0.17289281642685797,0.029759702783533185,314.09869598914474,3.2853786622443346,0.24961315020480598,0.05805818397776505,0.2540943558155801
water,1,rotate_a0.5_f1,12.0,-0.03651569582023719,0.13080208523149686,0.03792365385514333,310.0456190907674,3.2834236675700095,0.27238074440577303,0.0579375640478201,0.2769436314024129
water,1,rocking,30.0,-0.05263698700702888,0.11747510250585877,0.02492954590059412,311.0156144526884,3.2910707737440403,0.2447162088335816,0.062080335160799846,0.24929148992777728
water,1,competing,40.0,0.02783165590313645,0.2034125022632436,0.03423462914477805,309.8892476198573,3.3089414040906577,0.2381464133307122,0.059181627814652665,0.24258367816486615
water,1,chirp,40.0,0.028308355867883755,0.18517123979216252,0.0675352064647083,314.94698787254566,3.26506357103372,0.24938686561217058,0.061226812690441834,0.2538453078553628
water,1,sequence_xyz,60.0,-0.11706979634684823,0.14985730963765279,0.0,303.38053718539754,3.334715312327253,0.24729747295186183,0.05649629648516853,0.2518332600374414
water,1,sequence_scrambled,60.0,0.028944562171882463,0.14669626000163236,0.0,298.8646767247882,3.3703703703703702,0.25654829344164337,0.06361881497575583,0.2610905319698867
water,1,ramp_fast,20.0,-0.40037409013094544,0.41159659568712265,0.3942495930360548,304.30420789557826,3.3421779988944174,0.20026433588269668,0.13436229269727148,0.20403475364470103
water,1,ramp_slow,60.0,-0.5676424745293934,0.5767487697975163,0.5656811448119897,303.72604640830207,3.34383637368712,0.1303268526329186,0.2398088269775813,0.1333836374596876
water,1,history_positive,60.0,0.24524559948307814,0.25912495467164315,0.24524559948307814,307.16073288389356,3.312373318592224,0.23089841316673132,0.07603459056691973,0.23522006836154608
water,1,history_negative,60.0,0.2859219749013506,0.32869858752146636,0.2859219749013506,299.9430204749383,3.348396904367054,0.2340166429002884,0.07310471337293173,0.238152269268127
water,1,pulses,40.0,0.1361645630177184,0.17555213710145984,0.009784058057685056,304.06751846670966,3.3351299060254287,0.2440172861480413,0.05746891159379896,0.24849371542401855
water,1,modulated_rotation,30.0,0.08246922506541592,0.16127921175524337,0.02550080404268548,303.43651066588365,3.3185735240190692,0.24337327230369488,0.05139075789069806,0.24789133909409486
water,1,spatial_rotation,30.0,0.03937302836339758,0.09274435746686235,0.011701838254334096,308.53295724788626,3.3285661899523293,0.2652843348843552,0.060596971882578184,0.269889383936132
water,1,spatial_release,60.0,-0.005518590948790711,0.1214241917476083,0.0,299.7774917699636,3.3552146674037218,0.24031546128893727,0.052810587440969246,0.24487243228974068
water,1,thermal_quench,60.0,0.017953135183900674,0.15924633818697304,0.0,302.06829183124955,3.3354063018242126,0.24418879437210061,0.05649857720511653,0.2487072984044753
water,1,low_drag,20.0,-0.022728879440103242,0.1925748026834765,0.05509752389190927,395.14703503137355,2.9872857932559427,0.21012948049747976,0.06208993377690668,0.21459098772498356
water,1,high_drag,20.0,0.028031556669802705,0.11472009454299885,0.03218815459799669,301.05635763341286,3.3454947484798225,0.2596399567416594,0.06266997773896045,0.2642221205511865
water,1,feedback_align,40.0,0.24051060993153603,0.7126207800681589,0.7120156396329508,298.04097997417136,3.3667081260364844,0.07735132539822664,0.37760490033920974,0.07963844022906806
water,1,feedback_turn,40.0,-0.017467990422893057,0.14794372027630276,0.009136255255881383,302.7426719860566,3.342108899944721,0.24272848733552335,0.053502288781868725,0.2472738740097111
water,2,baseline,80.0,-0.059945065525085175,0.13176699385161483,0.0,302.70877136450844,3.3420724094881393,0.2530523684441526,0.06338183523103846,0.2576137349944496
water,2,steady,40.0,0.6894166428122738,0.692498307709452,0.6894166428122738,299.89746325759177,3.3613184079601997,0.09775153717092472,0.34774364994481743,0.10016609680598663
water,2,rotate_a0.1_f0.1,40.0,-0.01571456997322129,0.1101441353472712,0.01268429048563206,304.5935741460857,3.320135433941404,0.26250698241943826,0.05859798878830759,0.2670900914855822
water,2,rotate_a0.1_f0.5,20.0,-0.0011406284321491573,0.252719072201636,0.014047420387925258,299.159176221064,3.3642896627971255,0.2607274842398885,0.08429000179274847,0.26505808289251453
water,2,rotate_a0.1_f1,12.0,-0.11588157010595057,0.19821825082133449,-0.0013562201530071395,306.6373749565156,3.3069105691056913,0.23315395614001472,0.08454848728375093,0.23760796399243142
water,2,rotate_a0.5_f0.1,40.0,-0.0847428779405661,0.4409981906445998,0.20470102795153863,314.513905043164,3.2739773355444997,0.18521665577752772,0.13447570596505665,0.18894797817590317
water,2,rotate_a0.5_f0.5,20.0,0.04925554416533366,0.16757467219084188,0.031936301737746774,316.6741734057418,3.2799889441680485,0.2383198168378588,0.06826801493897584,0.24282099051900996
water,2,rotate_a0.5_f1,12.0,-0.0070128339259633065,0.11164115510484411,0.03138595660464353,309.43077883668934,3.31910569105691,0.26489555561285943,0.06227390711550835,0.2694769270821758
water,2,rocking,30.0,0.08044575761495738,0.15809113069340336,0.027386610201544762,307.50560330698613,3.314814814814815,0.24771394756631873,0.06464426989922141,0.2522314438796347
water,2,competing,40.0,-0.03128087585345908,0.15056786637868913,0.011353679118234036,302.009352266813,3.3569651741293534,0.2650588571545661,0.0651950634593841,0.2695889123397595
water,2,chirp,40.0,0.02241264092968218,0.2089901267485942,0.07347917921971708,316.20873786577124,3.252003869541183,0.22179183434919558,0.06733673970333545,0.22619916972676352
water,2,sequence_xyz,60.0,0.0016753305458378754,0.13304996442388062,0.0,303.9911554203885,3.348535102266446,0.2590171626206977,0.05584426692142838,0.2635786970025068
water,2,sequence_scrambled,60.0,-0.025683927024374976,0.13305113155467782,0.0,304.2299600591494,3.3349917081260374,0.2631669193780613,0.060356710986437426,0.26771764797815706
water,2,ramp_fast,20.0,-0.37929322143492133,0.41053071591596285,0.37348473575430774,303.14891097354615,3.3302929795467113,0.20993294117347552,0.11559755394814909,0.21370149262674265
water,2,ramp_slow,60.0,-0.5916978325331026,0.5999954071882809,0.5895257525804498,299.78072398854295,3.374055647687489,0.12878090150185023,0.24743505518122907,0.13172865122006486
water,2,history_positive,60.0,0.2867094342995197,0.30831404034011917,0.2867094342995197,299.8251573365053,3.3573337018610654,0.23403406468633467,0.06959127731179802,0.23823569648101967
water,2,history_negative,60.0,0.33596195179260147,0.3694681547534766,0.33596195179260147,303.7275698367928,3.350147411092685,0.21037189262560968,0.11072633662070319,0.21435211319450298
water,2,pulses,40.0,0.06472308955678217,0.20972360658688852,0.01000290661508024,300.4718678231614,3.347222222222222,0.24022446819105095,0.07519000544072481,0.2446655470719313
water,2,modulated_rotation,30.0,0.03579639010939005,0.20579461931313453,0.020693699106592283,302.4533054588133,3.317565089842318,0.24798436567516235,0.05684806918354073,0.25243147892108303
water,2,spatial_rotation,30.0,0.05116191489263704,0.13247023314705358,0.012699375549233491,303.06427782147534,3.3200403373670695,0.2436703892467771,0.060312928576322165,0.24823194506383678
water,2,spatial_release,60.0,0.06116176099684161,0.17545522530447955,0.0,300.11554991700336,3.353325962778699,0.24552890335960997,0.06708291564719393,0.2500046494636707
water,2,thermal_quench,60.0,0.06417472180609528,0.1542925370167308,0.0,298.2888857612145,3.366961488852036,0.25862394025305063,0.06792717243348276,0.26314707291126155
water,2,low_drag,20.0,0.06848625496300084,0.23967973877619886,0.06699930914651664,390.4562869999709,3.001934770591487,0.1973010041635967,0.07180714491968457,0.2016582746523181
water,2,high_drag,20.0,-0.08189988211706264,0.14886503683884475,0.02888699503526319,303.0841407044953,3.3388612493090104,0.25045418150393256,0.05379712522179616,0.25499131491952115
water,2,feedback_align,40.0,0.2455110077960911,0.7243772384914068,0.7238106958147935,292.31452071868614,3.425787728026534,0.07811419479414453,0.38510413527145165,0.08032247839062283
water,2,feedback_turn,40.0,0.015964020642123107,0.11215468832647926,0.009265462543161473,300.8226624376924,3.3468767274737425,0.2798032474207122,0.061008519550378545,0.2843848095146904
rotors,0,baseline,80.0,0.003239898622812046,0.06703472855039506,0.0,300.5745995155561,1.4852267998335413,-0.003974339243432389,0.05517776383601214,0.0006527011325710677
rotors,0,steady,40.0,0.3036429568430929,0.3080919384535021,0.3036429568430929,300.0772093207598,1.5263957987838583,-0.007797161345475999,0.07842835739470994,-0.003594278969061093
rotors,0,rotate_a0.1_f0.1,40.0,0.008053412306551268,0.08483778373995084,0.059576163836788265,297.5709495928003,1.4897042564953014,-0.005895797025676416,0.05556960334415411,-0.0012826496322892046
rotors,0,rotate_a0.1_f0.5,20.0,0.008875303227478034,0.08601931782846779,0.06254386437053996,298.3722213584951,1.4977888336097291,-0.004021179821838703,0.05732286115629637,0.0005908556094426538
rotors,0,rotate_a0.1_f1,12.0,-0.0024738632958780297,0.08612019974135317,0.06308867045164962,309.5109991273824,1.5124209575429088,-0.0058178749697965215,0.05431602860122416,-0.0012060952318798848
rotors,0,rotate_a0.5_f0.1,40.0,0.03490690624776337,0.2986763842102575,0.292884898414855,299.71251399693756,1.4885295743504696,-0.0025835189595323563,0.07441877416427185,0.001646983578431776
rotors,0,rotate_a0.5_f0.5,20.0,0.021493148651231704,0.31231040389479187,0.30724996495222334,296.58410917782555,1.5150635710337201,-0.00481590175274044,0.0767324740348913,-0.0006251962005992349
rotors,0,rotate_a0.5_f1,12.0,0.01232084432356678,0.29809414306602544,0.29190523885214487,300.98655657149214,1.544263775971093,-9.832620692365931e-05,0.07248625886829801,0.004134805443166969
rotors,0,rocking,30.0,-0.0017278495893617396,0.1905722366708599,0.1759206730136066,307.9291824242031,1.4995416208287495,-0.0024824734742330806,0.06121481516698395,0.001970817329630702
rotors,0,competing,40.0,-0.012259837612296117,0.20267154826297148,0.19010188691126875,296.6756806254495,1.5066334991708128,-0.004290952237044056,0.058199399269601125,0.0001412759333668262
rotors,0,chirp,40.0,0.018287344123680386,0.31274751044245097,0.3082720556834788,297.56639805676275,1.5100884466556108,-0.006358444228360236,0.07783297183191627,-0.002167429337601171
rotors,0,sequence_xyz,60.0,0.0016789038644677637,0.06265749516682598,0.0,302.4099369023323,1.4938271604938271,-0.002246828477443377,0.05516494923718803,0.002382990976094375
rotors,0,sequence_scrambled,60.0,-0.002694184676012239,0.06349879250033184,0.0,302.4447837530641,1.4757232356734842,-0.0032936320402700806,0.0542815895690231,0.0013353359349453891
rotors,0,ramp_fast,20.0,-0.17324020765476242,0.1838158574656767,0.17344452799250207,300.04102358072095,1.5132669983416256,-0.0043129484385956195,0.058097509833200826,0.00014998215594022902
rotors,0,ramp_slow,60.0,-0.1750700984658224,0.18805412152474574,0.17522329395225625,300.5353217268322,1.4906946747742766,-0.0051498842200471615,0.060925975052192084,-0.0006938159014758215
rotors,0,history_positive,60.0,0.06451230557614289,0.08699179107368285,0.06451230557614289,295.7629224465583,1.4566058595909344,-0.005587860903113387,0.05688205068361089,-0.0009778929745282077
rotors,0,history_negative,60.0,0.0621232405778311,0.08708186457438193,0.0621232405778311,301.81079083780793,1.508061544131196,-0.006432099738729754,0.05659549915934318,-0.0018217143997680575
rotors,0,pulses,40.0,0.021963415039486837,0.0747219309954848,0.016740790897936522,306.91018140775145,1.50393864013267,-0.00298810913373689,0.054561290716340485,0.0016224972041539148
rotors,0,modulated_rotation,30.0,-0.001840806492130922,0.1793965729753238,0.16414054614411994,302.3612846869891,1.5032086541987533,-6.991663517227094e-05,0.0627669113881575,0.004400111185884639
rotors,0,spatial_rotation,30.0,-0.0042197672614405655,0.16752589480443353,0.15668691454512806,300.87271648394807,1.4903740374037404,0.006158308258745441,0.06010283660291792,0.010673639800198689
rotors,0,spatial_release,60.0,0.0016603554861148791,0.06369442063515211,0.0,299.3738569633537,1.4853049566979917,-0.0029718574606067928,0.054036561716624465,0.0016572161562616182
rotors,0,thermal_quench,60.0,0.0027902663728222935,0.06306256323170456,0.0,298.7422265792092,1.4797770407223143,-0.00566724069710552,0.053787955643382665,-0.001038001873798602
rotors,0,low_drag,20.0,0.018018979810107943,0.3064454663398538,0.30126639797997273,293.7777808731898,1.5110558319513543,-0.003015638362358639,0.0706395820164454,0.0011948374500949216
rotors,0,high_drag,20.0,0.018304204156317245,0.301979149211013,0.29711855751382793,304.5015434513715,1.5475400773908237,-0.004068757320327503,0.07344393644565042,0.0001525593180998534
rotors,0,feedback_align,40.0,0.02718325271312757,0.3033649403167937,0.2990914013943726,298.46209217305454,1.505666113875069,-0.006748464103967481,0.07303391091165624,-0.0025295905896189157
rotors,0,feedback_turn,40.0,-0.006276769379838507,0.19498723372311405,0.16586114549418898,356.46904138861345,1.5081536760641236,-0.00377520122727438,0.06076213187697332,0.0006871105262397971
rotors,1,baseline,80.0,0.0001796771834349149,0.06324970461209274,0.0,301.52348283294765,1.4807532251352475,-0.005480322646054489,0.055369087212900306,-0.0008510240420617385
rotors,1,steady,40.0,0.29996355627095966,0.30503139926258466,0.29996355627095966,297.7302737621126,1.5011055831951354,-0.003164247873505438,0.07805110404515977,0.0010484539666353939
rotors,1,rotate_a0.1_f0.1,40.0,0.0016467726008688897,0.08393166201164735,0.0577368143388066,306.02186029427884,1.5127833056937536,-0.005262710540124143,0.05314356920936927,-0.0006484110246746097
rotors,1,rotate_a0.1_f0.5,20.0,0.009724183040829504,0.08443557512258554,0.05938203077442465,307.5789378891396,1.5145107794361528,-0.008270005779881927,0.05518699065953646,-0.0036555000950171273
rotors,1,rotate_a0.1_f1,12.0,-0.004107095794565873,0.08895355105903664,0.07043100411741134,303.9425921482664,1.4638663053297198,0.00016127580351967916,0.05889177330202793,0.004768497312543359
rotors,1,rotate_a0.5_f0.1,40.0,0.02618625411687908,0.3038433217235556,0.2990226666705987,302.145541915288,1.505320619126589,-0.0039398884853645635,0.07334801297443375,0.00027652883790746645
rotors,1,rotate_a0.5_f0.5,20.0,0.01709568675648134,0.2934808273067234,0.2884787080206915,312.68356729512516,1.4662797125483693,-0.005343179048990736,0.07437267151035645,-0.0010989193711333188
rotors,1,rotate_a0.5_f1,12.0,0.0084963271553895,0.3058610884785495,0.3004302495847047,304.2495811948903,1.5178410117434507,-0.001980446422687943,0.07604578389506221,0.0022286378329205814
rotors,1,rocking,30.0,0.0073095078117642685,0.20035925824248904,0.18483501912698147,300.799021389464,1.4501283461679502,-0.005233672887711251,0.059555525969667227,-0.0007963220849840421
rotors,1,competing,40.0,-0.010173300314325708,0.2103367440329106,0.19673745000179307,297.59737617696527,1.4964759535655057,-0.0055337153229484985,0.0646039750600308,-0.0011229661674199212
rotors,1,chirp,40.0,0.011971268202399521,0.3050731268242883,0.2999660683200223,295.9823449947913,1.5091210613598673,-0.006394472445963933,0.07314660201653797,-0.0021822762757143983
rotors,1,sequence_xyz,60.0,-0.0030676467027548745,0.06037568399473175,0.0,300.37052768021465,1.481896075179657,-0.004961964984229153,0.05713232081796566,-0.00033102046936783606
rotors,1,sequence_scrambled,60.0,0.0031808340167910733,0.0612884495656387,0.0,299.83747029981487,1.4738805970149254,-0.006268838419183882,0.05453993107239915,-0.0016382976222686627
rotors,1,ramp_fast,20.0,-0.1742404994125433,0.1844263367969625,0.1735869775450428,298.37798295030126,1.4702874516307352,-0.004117272437785598,0.060491435287819396,0.00034499671465286773
rotors,1,ramp_slow,60.0,-0.17865907655332153,0.1910751410407848,0.17872850874534718,295.10845560396484,1.4968214483139854,-0.00592875304820131,0.057980792864064296,-0.0014816618078388746
rotors,1,history_positive,60.0,0.06863094544840873,0.08978521880946513,0.06863094544840873,300.7539282255148,1.4742951907131014,-0.00039817695716904143,0.05322010975100051,0.004210789506837731
rotors,1,history_negative,60.0,0.06319256074398498,0.08765842350580832,0.06319256074398498,302.0618411222005,1.4715772986917266,-0.0013716193080347318,0.05688488720161304,0.0032394933347043714
rotors,1,pulses,40.0,0.026527218076933003,0.08144386076591988,0.019679658891019653,299.8601186951916,1.4991708126036485,-0.005101265470028481,0.0602300776171356,-0.0004999300797074348
rotors,1,modulated_rotation,30.0,0.0037325207181066263,0.17526488144672495,0.15784849033227819,293.8496984491532,1.4875320865419872,-0.008205200756705115,0.059236519793871026,-0.003731449901910194
rotors,1,spatial_rotation,30.0,0.0001189909885786475,0.17433144310462667,0.16607709964841919,301.00646422050556,1.5265859919325264,0.007426866679046325,0.05847398551902311,0.011928822867650086
rotors,1,spatial_release,60.0,0.0018768812555943406,0.06686065411967086,0.0,305.5561995946482,1.503316749585406,-0.004201891972364502,0.053536827773684195,0.0004253522107883981
rotors,1,thermal_quench,60.0,0.0021196985773991473,0.06127618451759443,0.0,300.74625664829796,1.4839690436705362,-0.004363623005937349,0.0537393103901327,0.00026740011684772523
rotors,1,low_drag,20.0,0.016130335950471447,0.30621917024336537,0.3012082783587243,302.4722656091709,1.5023493642896628,-0.00182591269528206,0.08048038235101629,0.0023823804420326296
rotors,1,high_drag,20.0,0.012867498109281584,0.2998031057777511,0.2941141110740362,302.96904232602316,1.510917634051962,-0.004903030830569123,0.07632447226612966,-0.0006741577069688179
rotors,1,feedback_align,40.0,0.08597647694386905,0.30846570650763344,0.30409788590998815,301.4936272226605,1.4972360420121613,-0.0019014595587488797,0.07792507560505521,0.002300853762367524
rotors,1,feedback_turn,40.0,-0.0010873489556079397,0.18243694334011967,0.15229684055917922,351.9952569137079,1.4885986733001662,-0.005223089298944559,0.06032258236514073,-0.0007437398388072999
rotors,2,baseline,80.0,-0.003173664714114704,0.0625071185983428,0.0,296.93978370990243,1.5015605493133584,-0.003338380549924172,0.05498270953459761,0.0012913686939456778
rotors,2,steady,40.0,0.29260738584130475,0.2982455496032913,0.29260738584130475,305.7894047531955,1.4748479823106688,-0.0037277200383956516,0.07501894901902072,0.0005042370871639724
rotors,2,rotate_a0.1_f0.1,40.0,0.0008989930806071583,0.08311873813278368,0.06055602369936274,299.72048702055235,1.498272526257601,-0.001760372538491286,0.05267923216486153,0.0028535639314278445
rotors,2,rotate_a0.1_f0.5,20.0,0.0009115393932727274,0.07893136477925812,0.05301124133661661,306.36163619557635,1.5140961857379769,-0.0035268523193689246,0.05276200731355966,0.001090932784366638
rotors,2,rotate_a0.1_f1,12.0,-0.005108632466213219,0.08639335258269037,0.06281351890292149,298.03094300225564,1.490063233965673,-0.0031635404766051692,0.05609546091062973,0.0014486970367732926
rotors,2,rotate_a0.5_f0.1,40.0,0.026820302243095024,0.3006572435949382,0.295492112986474,298.6886123503712,1.495923161967938,3.010537924906872e-05,0.07346766939667122,0.004254913901827508
rotors,2,rotate_a0.5_f0.5,20.0,0.010951833221743371,0.2948363054205648,0.2899088512968178,308.6343295553012,1.4619955776672193,-0.007530521388133968,0.07419788022765866,-0.003287510035347312
rotors,2,rotate_a0.5_f1,12.0,0.012010335351031659,0.29390972007395544,0.2887156914865478,306.76413493251937,1.522583559168925,-0.0005015054079487557,0.06934681705606478,0.003743325831070071
rotors,2,rocking,30.0,-0.0010804648765602347,0.20559565839815236,0.19507519812722587,299.97041799740805,1.5022918958562528,-0.0027617162327175948,0.06407324981375995,0.0016624289648502458
rotors,2,competing,40.0,-0.015121459954383399,0.19473194059631718,0.18262427577404622,303.24796273752787,1.490395245992261,-0.0018876939459453253,0.06113778888331036,0.0025554030766763327
rotors,2,chirp,40.0,0.015668763325447522,0.2917639200179113,0.2872688786751743,309.6015898412335,1.49606135986733,-0.005933066233481634,0.07368706600569266,-0.0016835307587290654
rotors,2,sequence_xyz,60.0,0.0021976154320517897,0.06336778811525033,0.0,296.9311295507077,1.4798691726552422,-0.00484702868879784,0.05537682113185304,-0.00021816931224247037
rotors,2,sequence_scrambled,60.0,0.003244550169041418,0.06544154086940236,0.0,296.0527831293619,1.4832319882071126,-0.006048101697508387,0.05505202419543668,-0.001420402199828844
rotors,2,ramp_fast,20.0,-0.18247667670132559,0.1949369375442821,0.18263629836454884,294.44733971967304,1.4928137092316194,-0.0004820626345108464,0.06355066563854975,0.0039616273687926576
rotors,2,ramp_slow,60.0,-0.1693460652647408,0.1824590948620349,0.16949038992851387,301.806384942407,1.5051593882439656,-0.003572010302496479,0.060628933212960825,0.0008950634827214693
rotors,2,history_positive,60.0,0.06303674748546838,0.08623692778187915,0.06303674748546838,298.42325653512967,1.4852128247650636,-0.0041006563100441495,0.05655232906343685,0.00051140414376079
rotors,2,history_negative,60.0,0.060127396292020956,0.0854706218419369,0.060127396292020956,303.98641392686,1.4984337571402246,-0.004939598880148336,0.05527623660240807,-0.0003263630080134992
rotors,2,pulses,40.0,0.023281217216695155,0.08014953430044862,0.018917542834058238,305.8950135980977,1.4865948037589831,-0.0024456651532324615,0.05070398516572545,0.002156816167291051
rotors,2,modulated_rotation,30.0,0.0013391795183794594,0.17765644132992897,0.16297365083528634,299.76341890770135,1.5076090942427578,-0.005415598869400004,0.06140555035065618,-0.0009460254497657459
rotors,2,spatial_rotation,30.0,0.0032578720175543154,0.15409179893416802,0.14402805547592717,303.3391622672096,1.4791895856252288,0.0019934612158648566,0.05831148003272457,0.006527296859571653
rotors,2,spatial_release,60.0,0.0018001833545992535,0.06148272384770395,0.0,298.203222946524,1.491800257969412,-0.005889452824618632,0.05431854022220747,-0.0012591193475300418
rotors,2,thermal_quench,60.0,0.000943053491210532,0.061986435477459,0.0,299.74628206202726,1.489819421411461,-0.0025489854411259658,0.055271408074454464,0.002081302180204195
rotors,2,low_drag,20.0,0.01605069073051774,0.3197049690985013,0.3148542007952086,293.30567558029685,1.5134051962410169,0.001067053068785873,0.07547123272285314,0.0052365749016773655
rotors,2,high_drag,20.0,0.009649790736473053,0.31286462655762265,0.3078313633266227,297.1417895741444,1.4911553344389166,-0.0039045851820154517,0.0704284546168095,0.0002869778162782286
rotors,2,feedback_align,40.0,-0.19669439283446236,0.30603194691974894,0.30179344483077675,299.1074810348492,1.4909480375898285,-0.004156075314416593,0.07550782522276314,5.361856730224751e-05
rotors,2,feedback_turn,40.0,0.0012404089993236108,0.20297828878241894,0.16943495856854446,358.9626919530491,1.5044914317302376,-0.0005452530135442197,0.0602540624190756,0.003905035641218362
