tag,short_D_1_2ps_1e9_m2s,short_D_2_4ps_1e9_m2s,diffusion_window_relative_disagreement,diffusion_window_pass,NVE_energy_drift_NkBT,NVE_energy_drift_pass,neighbor_replaced_fraction_1ps
n64-D2O-P1-T300.0-s1-dt0.0005,0.7289432131304037,0.9756143239679702,0.25283670481007087,False,-0.0091421400412069,False,0.2171303353658537
n64-D2O-P1-T300.0-s2-dt0.0005,1.681500738387849,1.2086066736189665,0.39127209462850476,False,0.00568732919914828,False,0.24466463414634143
n64-D2O-P1-T300.0-s3-dt0.0005,1.0522436526168129,0.9568021169476874,0.0997505481839812,True,-0.002149189857610928,True,0.17092225609756095
n64-D2O-P32-T300.0-s1-dt0.0005,1.2159723019178736,1.1919900449259335,0.020119511143593737,True,0.025753417853460046,False,0.21693978658536583
n64-D2O-P32-T300.0-s2-dt0.0005,2.4364445601901092,2.159792583514657,0.12809191900513572,True,0.0029567997576951032,True,0.34127286585365857
n64-D2O-P32-T300.0-s3-dt0.0005,1.1912207574404623,0.5948053449364505,1.0027068814718423,False,0.00746373251597499,False,0.23065929878048785
n64-H2O-P1-T300.0-s1-dt0.0005,2.338324937631762,2.1155093544852277,0.10532479219443237,True,0.0016060526892425495,True,0.31545350609756095
n64-H2O-P1-T300.0-s2-dt0.0005,2.169882086546109,1.5930396796226716,0.36210171931189344,False,0.009078178920819514,False,0.28534679878048785
n64-H2O-P1-T300.0-s3-dt0.0005,1.057494079013366,1.0280616980646509,0.028629002523994675,True,-0.007753208984694603,False,0.15443978658536583
n64-H2O-P32-T300.0-s1-dt0.00025,2.577185432127556,3.1330348898900104,0.17741566158619074,True,-0.0045911300605686566,True,0.321360518292683
n64-H2O-P32-T300.0-s1-dt0.0005,1.2443432294369283,1.77859446424441,0.30037832993843516,False,-0.06149820979798537,False,0.2821074695121951
n64-H2O-P32-T300.0-s2-dt0.0005,1.4596063120808718,1.7567414880902976,0.16913995486748185,True,-0.02117195153513162,False,0.2827743902439024
n64-H2O-P32-T300.0-s3-dt0.0005,2.843236577876155,3.0106473308008783,0.05560623166054772,True,0.02817113666545583,False,0.3137385670731707
