N,dt,time,energy,parseval_relative_difference,checkerboard_energy_fraction,nyquist_plane_energy_fraction,short_wave_energy_fraction,short_wave_neighbor_gradient_fraction,centered_gradient_rms,neighbor_gradient_rms,gradient_rms_gap_percent
256,0.001,0.0,40.347376242512205,2.9717939015122226e-16,4.061478297015319e-22,1.7539331284529324e-13,1.2663577347028212e-08,5.6744934081945654e-06,2.284900045132074,2.290533366825761,0.24593929847410712
256,0.001,0.08,39.48980484504908,6.072660380571596e-16,7.907256661272405e-26,1.1837496698525262e-20,3.653169623571557e-12,1.2664442555517953e-09,2.1732769586094434,2.1775119143572947,0.19448599660596422
256,0.001,0.16,38.70681828312414,3.0977510417536467e-16,1.1026933329419625e-30,5.182820258111913e-26,4.060281203390794e-15,1.385921544066705e-12,2.0865496954302127,2.090186116364086,0.17397593953014656
256,0.001,0.2,38.337838657477164,3.1275651121279783e-16,5.3470287382826986e-33,2.4233361571518563e-28,5.132740944236563e-16,1.8540451761275018e-13,2.0490183947927587,2.0524503033549664,0.1672103123080637
256,0.001,0.24,37.981798299445536,4.735324235343036e-16,4.911631250567817e-35,1.082239922956984e-29,4.390264208681065e-16,1.6553223952883234e-13,2.0147397837945245,2.0180007526381956,0.1615940350570999
256,0.001,0.28,37.63735113709245,0.0,7.958459632449409e-36,8.77835415920035e-30,5.178809660396355e-16,1.9833310105848296e-13,1.983569768550786,1.9866832648753405,0.15671830430150635
256,0.001,0.32,37.30322123620779,3.214309185265048e-16,1.2264494900192035e-35,7.491471151114495e-30,5.772092339450676e-16,2.2245441654877036e-13,1.9555096948991968,1.958493644905267,0.15235944287246284
256,0.001,0.36,36.97816430899234,4.863846903983225e-16,2.9178466443874575e-35,6.2706504397075384e-30,6.13412058667868e-16,2.3743732810017233e-13,1.9306382056096596,1.933507865234054,0.14841727184011777
256,0.001,0.4,36.66095059179927,4.905931981739382e-16,2.1795462771567235e-35,4.701185571323427e-30,5.666613819230298e-16,2.205209393547616e-13,1.9090595100721324,1.911829257453312,0.1448742020440208
384,0.001,0.0,40.347381983512456,3.522125604335152e-16,1.1313085291673037e-23,2.902631378301896e-16,1.4869132921498162e-10,1.4381062555708802e-07,2.2890652263354663,2.291594813057537,0.11038542711203636
384,0.001,0.04,39.90805666740226,7.121797402282295e-16,8.578290101701836e-30,5.9796060513963475e-25,1.1328884993685906e-14,8.519968321119528e-12,2.228040691943582,2.230158144486362,0.0949462955358027
384,0.001,0.08,39.49036595817607,8.996406066642055e-16,5.757396008194518e-36,6.753330710436593e-32,4.557269839003017e-18,3.2479177919368694e-15,2.176226606173834,2.1781156657090586,0.08672907343557634
384,0.001,0.12,39.091035375591055,3.635323183093647e-16,2.777546048527177e-37,9.109082592818759e-34,3.479374061770602e-21,2.47800374349518e-18,2.130396096549832,2.132130967591321,0.08136793976821766
384,0.001,0.16,38.70779355736772,1.8356580689804108e-16,1.0076961846265966e-36,9.178839103536634e-34,1.1813981158695449e-23,8.966625057669525e-21,2.089031846257068,2.090651646831084,0.07747826264939972
384,0.001,0.2,38.338877765041325,7.413286743703248e-16,1.1976007485936804e-35,9.39833779384975e-34,8.046589095826516e-24,6.5537413270675565e-21,2.0513383115945483,2.0528664568809063,0.07443958574294696
384,0.001,0.24,37.982803734331824,3.74139171362885e-16,2.10612329750615e-36,9.157436883279616e-34,1.1306211059495833e-23,9.32277891335171e-21,2.0169185175740876,2.0183702351311923,0.07192523610566326
384,0.001,0.28,37.63823722497102,1.8878215032044377e-16,1.044170177274111e-36,9.357308132105843e-34,1.2529597068124195e-23,1.0430539413708043e-20,1.9856216041770123,1.9870075247091374,0.0697491335533873
384,0.001,0.32,37.30391826615871,1.9047402224357993e-16,1.2249782526162038e-36,1.05822373340309e-33,1.1764383252135814e-23,9.865578851409935e-21,1.957447448121866,1.9587756544651302,0.06780798710850355
384,0.001,0.36,36.9786186835823,1.921496153872199e-16,8.746516914030886e-38,9.258050576106677e-34,9.889444685049383e-24,8.353131701542835e-21,1.9324760192296762,1.9337533463100767,0.06605429192082513
384,0.001,0.4,36.66112236476547,0.0,7.416795785372698e-38,1.044222853744285e-33,7.306586328827548e-24,6.1988990476497245e-21,1.9108137250250896,1.9120465813760124,0.06447836380824024
384,0.0005,0.0,40.347381983512456,3.522125604335152e-16,1.1313085291673037e-23,2.902631378301896e-16,1.4869132921498162e-10,1.4381062555708802e-07,2.2890652263354663,2.291594813057537,0.11038542711203636
384,0.0005,0.04,39.90687334667572,7.122008578196859e-16,1.5889277789085346e-29,1.4960901375131583e-24,1.3784533434790014e-14,1.0471553707668789e-11,2.227919527450204,2.2300361336727987,0.09491353932048474
384,0.0005,0.08,39.48810274688378,7.19753734753613e-16,3.402167444529012e-35,2.9207170012317913e-31,6.327374360844735e-18,4.5343416834999304e-15,2.1760201119955447,2.177907822358195,0.08667540211169111
384,0.0005,0.12,39.08777177320799,3.635626711508426e-16,3.002171510540247e-36,1.1023946688025522e-33,4.7315052384779854e-21,3.4025442338405058e-18,2.130128535052587,2.1318618436641392,0.08130492211320117
384,0.0005,0.16,38.703592477690584,5.507571961204913e-16,5.819621645318659e-37,9.79090536426146e-34,1.2622976175783194e-23,9.56756196163788e-21,2.088718847656075,2.09033702448581,0.07741224552690884
384,0.0005,0.2,38.333790632477914,3.7071352664930563e-16,1.7021346850153694e-36,1.0275888254155689e-33,6.658626690708225e-24,5.417556416991729e-21,2.050989967250414,2.05251650241931,0.07437383168888978
384,0.0005,0.24,37.976873988816344,5.612963847177193e-16,1.094443253941666e-36,1.0333284523318804e-33,9.396731387359989e-24,7.741686464906603e-21,2.016541022605983,2.0179911767058574,0.07186127058500524
384,0.0005,0.28,37.6315029399669,0.0,1.4561639063550667e-36,1.0049861156461634e-33,1.057669100693384e-23,8.800067687806796e-21,1.9852179195157025,1.986602336032518,0.06968765171092572
384,0.0005,0.32,37.29641430257342,5.715370357019067e-16,6.59019092082442e-36,1.0821451015700024e-33,1.0096388413874568e-23,8.464058748883231e-21,1.9570174630162367,1.958344227541341,0.06774930098831788
384,0.0005,0.36,36.97037856586901,3.843848850474428e-16,2.3187534023076674e-36,1.0510981648999826e-33,8.635802406576862e-24,7.293225860373324e-21,1.9320166173638356,1.9332925593504673,0.06599839121401718
384,0.0005,0.4,36.65217991251393,1.9386097565168394e-16,9.70839044996286e-37,1.0232108619060098e-33,6.48315178275046e-24,5.500410932386629e-21,1.9103189803225495,1.911550492774958,0.06442479322744665
