N,dt,time,energy,center_x,center_y,center_z,radial_width,axial_width,rms_radius,edge_energy_fraction
256,0.001,0.0,40.34737624251221,1.826969567614239e-17,-3.6336351795890125e-17,1.1657854477765265e-17,1.7294196050032977,0.6907037476514001,1.8622469860868216,1.8994256484279414e-09
256,0.001,0.08,39.48980484504906,-7.895913279410666e-18,7.309742777301564e-17,-4.159548684653234e-18,1.7037709668621484,0.6739092556794629,1.8322088288218752,3.846257826797625e-05
256,0.001,0.16,38.70681828312413,2.111458420335929e-17,-4.396626482371758e-17,-7.527990192082057e-18,1.6757049156046757,0.6582479475584931,1.800354777438781,0.00013443963367571453
256,0.001,0.2,38.33783865747717,5.826006300179803e-17,8.376196435057409e-17,7.843232795305042e-18,1.6610786784966705,0.6509685323438731,1.7840802690064652,0.00019563800828731377
256,0.001,0.24,37.98179829944552,3.036529556126269e-17,-8.717603591829491e-17,2.1239844593559237e-17,1.6462454514460474,0.6441365379111622,1.7677771256238664,0.00026210088921655534
384,0.001,0.0,40.347381983512484,-1.3849225254148853e-17,3.4586074465208743e-17,2.7281209643601135e-18,1.7294250555548494,0.6907145999449761,1.86225607298192,3.573260267907883e-10
384,0.001,0.04,39.90805666740229,1.305041853289639e-17,1.7716776436603937e-17,-1.2650000342708853e-18,1.716967500067508,0.682171124964292,1.847521269166641,9.8919624215626e-06
384,0.001,0.08,39.4903659581761,4.467882580593217e-17,3.7544510791421514e-17,1.2508328914982542e-17,1.703792645291363,0.6738730088735229,1.8322156560397564,3.715972378494746e-05
384,0.001,0.12,39.091035375591076,2.0010682945726596e-17,-5.4721429433471473e-17,-1.7914814045032198e-17,1.690005859571803,0.6658594721547051,1.8164494603608357,7.810091210723554e-05
384,0.001,0.16,38.70779355736772,5.0314217976524535e-17,-4.2077200968537864e-17,3.1928452263810796e-17,1.6757303284266305,0.6581798209143422,1.800353523691294,0.0001293739945457369
384,0.001,0.2,38.3388777650413,8.494084699842713e-17,2.9105911440994186e-17,1.555251257636041e-17,1.6611016408026418,0.6508898884729868,1.7840729547845307,0.00018807440611547896
384,0.001,0.24,37.982803734331824,-4.967465919221959e-17,4.358182425207923e-17,-1.0761843022261393e-17,1.6462637686474613,0.6440509688377339,1.7677630062941598,0.00025177263645157584
384,0.0005,0.0,40.347381983512484,-1.3849225254148853e-17,3.4586074465208743e-17,2.7281209643601135e-18,1.7294250555548494,0.6907145999449761,1.86225607298192,3.573260267907883e-10
384,0.0005,0.04,39.90687334667568,-1.107575451217499e-18,-1.4389990769999672e-17,-3.7871242481296426e-17,1.7169621866218645,0.6821747929262535,1.8475176855427693,9.882340016456718e-06
384,0.0005,0.08,39.48810274688376,-1.8546987391926118e-17,-2.249693748294448e-17,-2.827063241034654e-17,1.7037841695883644,0.6738820074228218,1.8322110840370236,3.7122681848016235e-05
384,0.0005,0.12,39.08777177320799,-3.8653081612814174e-17,9.114932119259358e-17,2.592441297335642e-17,1.6899966705475442,0.6658752125111779,1.8164466810502837,7.802186387473831e-05
384,0.0005,0.16,38.70359247769058,1.6415594326101073e-18,-1.9117444279603545e-17,1.1505776027934016e-17,1.6757230065251596,0.6582034302732197,1.800355339987402,0.00012924228069827775
384,0.0005,0.2,38.33379063247789,1.864216257116117e-17,-4.398037215726246e-18,1.2575748144957582e-17,1.6610987483395592,0.6509222150317998,1.7840820557802701,0.00018788342255759332
384,0.0005,0.24,37.97687398881633,5.751198155791453e-17,-2.3395914066374265e-18,2.9491272773570144e-17,1.6462677093708706,0.6440925916117676,1.7677818410331,0.00025151955687542345
