N,history_dt,start_time,end_time,method,substeps,dt,work_quadrature,temporal_energy_defect,stable_energy_change,max_identity_residual,max_stage_divergence,energy_before,energy_after,energy_change,total_identity_residual
256,0.001,0.4,0.401,euler,1,0.001,-0.00788467157055877,4.425371723515712e-05,-0.007840417853323612,6.030874584450618e-19,1.3322676295501878e-14,36.660950591799285,36.65311017394596,-0.007840417853323345,2.6775050275887335e-16
256,0.001,0.4,0.401,euler,2,0.0005,-0.00788362839376269,2.2121855503110248e-05,-0.007861506538259577,1.0198276684941776e-18,1.2878587085651816e-14,36.660950591799285,36.65308908526103,-0.007861506538255014,4.564816406815719e-15
256,0.001,0.4,0.401,euler,4,0.00025,-0.007883105677268725,1.1059662327675727e-05,-0.007872046014941049,1.1756817307889689e-18,1.4210854715202004e-14,36.660950591799285,36.65307854578434,-0.00787204601494551,-4.461329309451978e-15
256,0.001,0.4,0.401,heun,1,0.001,-0.007882591387705855,1.5980725733014526e-10,-0.007882591227898599,1.3601660133490807e-18,1.4210854715202004e-14,36.660950591799285,36.653068000571395,-0.007882591227890146,8.451947332421632e-15
256,0.001,0.4,0.401,heun,2,0.0005,-0.007882584503410114,1.9973927346797134e-11,-0.007882584483436185,3.862600281319191e-18,1.4210854715202004e-14,36.660950591799285,36.65306800731586,-0.007882584483425603,1.0583227369812663e-14
256,0.001,0.4,0.401,heun,4,0.00025,-0.007882582782954553,2.496617169178159e-12,-0.007882582780457937,9.134127316378286e-18,1.4210854715202004e-14,36.660950591799285,36.65306800901883,-0.007882582780453617,4.318053626320033e-15
384,0.001,0.4,0.401,euler,1,0.001,-0.007892193598103196,4.429297476587883e-05,-0.007847900623337315,1.6263032587282567e-18,2.042810365310288e-14,36.66112236476547,36.65327446414213,-0.007847900623339399,-2.081776591389417e-15
384,0.001,0.4,0.401,euler,2,0.0005,-0.007891154981648388,2.2141466147637394e-05,-0.00786901351550075,1.8550021544869177e-18,2.1316282072803006e-14,36.66112236476547,36.653253351249965,-0.007869013515502843,-2.091791908957752e-15
384,0.001,0.4,0.401,euler,4,0.00025,-0.007890634524300812,1.106946300564929e-05,-0.007879565061295158,1.6741606202481246e-18,2.1316282072803006e-14,36.66112236476547,36.653242799704174,-0.007879565061294613,5.490315098171869e-16
384,0.001,0.4,0.401,heun,1,0.001,-0.007890122571986779,1.6107772724331728e-10,-0.007890122410909053,1.4328960496535646e-18,2.042810365310288e-14,36.66112236476547,36.653232242354555,-0.007890122410913136,-4.0849719584990575e-15
384,0.001,0.4,0.401,heun,2,0.0005,-0.007890115618612935,2.0132582094002198e-11,-0.007890115598480352,1.770372430368391e-18,2.1316282072803006e-14,36.66112236476547,36.65323224916698,-0.007890115598485181,-4.828463529941656e-15
384,0.001,0.4,0.401,heun,4,0.00025,-0.007890113880887707,2.516439394323215e-12,-0.007890113878371274,2.9661776041024483e-18,2.1316282072803006e-14,36.66112236476547,36.65323225088709,-0.007890113878374905,-3.63692821957881e-15
384,0.0005,0.4,0.401,euler,1,0.001,-0.007888121079286468,4.414757305545178e-05,-0.007843973506231013,3.3271454168148917e-18,2.042810365310288e-14,36.652179912513915,36.64433593900769,-0.00784397350622612,4.895247347671411e-15
384,0.0005,0.4,0.401,euler,2,0.0005,-0.00788708263809544,2.206878218349616e-05,-0.007865013855911943,3.435565634063442e-18,2.1316282072803006e-14,36.652179912513915,36.644314898658,-0.00786501385591265,-7.070488942592656e-16
384,0.0005,0.4,0.401,euler,4,0.00025,-0.007886562281599292,1.1033125443185046e-05,-0.007875529156156108,8.588914085158605e-19,2.1316282072803006e-14,36.652179912513915,36.64430438335776,-0.007875529156152083,4.023701266923571e-15
384,0.0005,0.4,0.401,heun,1,0.001,-0.0078860503593229,1.5891763962490486e-10,-0.007886050200405264,3.629834274197926e-18,2.042810365310288e-14,36.652179912513915,36.64429386231351,-0.007886050200404782,4.786232920473544e-16
384,0.0005,0.4,0.401,heun,2,0.0005,-0.007886043465669939,1.9862704994588003e-11,-0.007886043445807227,4.202899617822746e-18,2.1316282072803006e-14,36.652179912513915,36.64429386906811,-0.0078860434458079,-6.658978250189433e-16
384,0.0005,0.4,0.401,heun,4,0.00025,-0.00788604174286615,2.482713117747654e-12,-0.007886041740383433,4.403168638944412e-18,2.1316282072803006e-14,36.652179912513915,36.64429387077353,-0.007886041740384542,-1.1044491890324197e-15
