N,dt,time,probe_end_time,energy_before,energy_predictor,transport_work_rate,viscous_work_rate,rhs_norm_squared,energy_after,energy_change,transport_change,viscous_change,quadratic_euler_change,projection_change,combined_quadratic_projection_change,excess_over_start_viscous_loss,accounted_energy_change,ledger_residual,predictor_ledger_residual,projection_ledger_residual,projection_orthogonality_residual,projection_norm_identity_residual,removed_velocity_norm_squared,predictor_max_difference,initial_max_div,predictor_max_div,after_max_div
256,0.001,0.0,0.001,40.347376242512205,40.33622692427818,-0.026643705273482254,-11.33253310581105,419.71715412758095,40.33608733743639,-0.011288905075815592,-2.6643705273482253e-05,-0.011332533105811051,0.00020985857706379047,-0.00013958684180935232,7.027173525443815e-05,4.362802999545966e-05,-0.011288905075830094,1.4502288259166107e-14,-4.6865723107858415e-15,1.9189863456961498e-14,5.076294922674624e-18,-4.851804721872632e-18,0.00027917368361869493,4.440892098500626e-16,1.2434497875801753e-14,0.06255001838561602,1.1102230246251565e-14
256,0.001,0.08,0.081,39.48980484504907,39.47972294270558,-0.022652338793974512,-10.241765576282814,365.0311431343546,39.479601671318896,-0.010203173730175763,-2.2652338793974513e-05,-0.010241765576282815,0.00018251557156717728,-0.00012127138663899969,6.124418492817759e-05,3.8591846107051755e-05,-0.010203173730148613,-2.7150157122513008e-14,1.59033485165605e-14,-4.3053925767415346e-14,8.555032767268433e-20,-1.3552527156068805e-18,0.00024254277327799667,4.440892098500626e-16,1.2656542480726785e-14,0.05553071082425509,1.2212453270876722e-14
256,0.001,0.16,0.161,38.70681828312415,38.697529161854874,-0.012391944792723913,-9.436776482248952,320.09431555798716,38.697424576620534,-0.009393706503615817,-1.2391944792723913e-05,-0.009436776482248952,0.00016004715777899356,-0.00010458523434145381,5.546192343753975e-05,4.3069978633134345e-05,-0.009393706503604136,-1.1681627887227819e-14,-1.3597358915901081e-14,1.9156632660374817e-15,3.549915081942773e-18,-3.686287386450715e-18,0.00020917046868290025,4.440892098500626e-16,1.3100631690576847e-14,0.05096969274567564,1.2656542480726785e-14
256,0.001,0.2,0.201,38.33783865747718,38.32888289087831,-0.006946672213780094,-9.099112855122494,300.5858569417929,38.328785770319996,-0.009052887157181999,-6.946672213780094e-06,-0.009099112855122493,0.00015029292847089644,-9.712055831141283e-05,5.3172370159483616e-05,4.6225697940494026e-05,-0.00905288715717679,-5.209374598358352e-15,-1.0557147604034478e-15,-4.153714048063528e-15,2.2751304963250507e-18,-1.9651164376299768e-18,0.00019424111662282172,4.440892098500626e-16,1.2656542480726785e-14,0.04921772607907704,1.199040866595169e-14
256,0.001,0.24,0.241,37.98179829944553,37.97314163072745,-0.0019620605293877093,-8.796226401320382,283.0394875803843,37.973051242621985,-0.008747056823544597,-1.9620605293877095e-06,-0.008796226401320382,0.00014151974379019214,-9.0388105471035e-05,5.113163831915714e-05,4.91695777757855e-05,-0.008747056823530613,-1.3983605939849042e-14,-2.2438485531434127e-14,8.455082879492426e-15,-7.555533889508359e-19,6.776263578034403e-19,0.00018077621094207135,4.440892098500626e-16,1.2878587085651816e-14,0.04769351715380893,1.2878587085651816e-14
256,0.001,0.28,0.281,37.637351137092445,37.62896185029773,0.0022955293245177934,-8.525326453061206,267.4882580312298,37.62887737275543,-0.008473764337011858,2.2955293245177933e-06,-0.008525326453061206,0.0001337441290156149,-8.447754228377866e-05,4.926658673183625e-05,5.156211604934874e-05,-0.008473764337004851,-7.006548119470324e-15,4.008078591244413e-15,-1.1013217247890505e-14,3.842141448745506e-18,-3.1848438816761693e-18,0.00016895508456755094,4.440892098500626e-16,1.2878587085651816e-14,0.04633210098834425,1.3322676295501878e-14
256,0.001,0.32,0.321,37.303221236207776,37.295068829026825,0.005726365659511992,-8.285106291410132,253.94548962855282,37.29498937954557,-0.008231856662206383,5.726365659511992e-06,-0.008285106291410133,0.0001269727448142764,-7.944948127272276e-05,4.752326354155365e-05,5.324962920374987e-05,-0.008231856662209068,2.6853519408120974e-15,-1.4771848024300316e-14,1.7455682082070934e-14,-3.72863903381343e-18,5.6107462426124854e-18,0.00015889896254545673,4.440892098500626e-16,1.2878587085651816e-14,0.0451269246496023,1.2434497875801753e-14
256,0.001,0.36,0.361,36.97816430899234,36.97021880439948,0.008362545956079265,-8.07505775623141,242.38123482636507,36.97014347562755,-0.00802083336478887,8.362545956079266e-06,-0.00807505775623141,0.00012119061741318253,-7.53287719321676e-05,4.586184548101494e-05,5.422439144253839e-05,-0.008020833364794314,5.443562267615221e-15,1.0068714525329758e-15,4.4380189627435396e-15,-3.116234212948571e-18,5.9631119486702744e-18,0.00015065754386434712,4.440892098500626e-16,1.2878587085651816e-14,0.043926493960555535,1.3322676295501878e-14
256,0.001,0.4,0.401,36.6609505917993,36.65318227606804,0.010325226294900154,-7.894996796853681,232.71167861960717,36.653110173945976,-0.007840417853323345,1.0325226294900155e-05,-0.007894996796853682,0.00011635583930980358,-7.210212207464202e-05,4.425371723516156e-05,5.4578943530336765e-05,-0.00784041785332362,2.7582103268031233e-16,-1.3042735294566121e-14,1.331819040901322e-14,-8.021402010498224e-19,4.4181238528784306e-18,0.00014420424414929287,4.440892098500626e-16,1.3100631690576847e-14,0.042790353386168434,1.3322676295501878e-14
384,0.001,0.0,0.001,40.347381983512456,40.33623748451989,-0.01185239837025815,-11.343038660421573,420.7841323670956,40.33609766615589,-0.011284317356569318,-1.185239837025815e-05,-0.011343038660421573,0.0002103920661835478,-0.00013981836400046765,7.057370218308014e-05,5.872130385225528e-05,-0.01128431735660875,3.94319993324288e-14,4.386139888790108e-14,-4.427908777485112e-15,-2.5776072852785414e-18,2.2497195079074217e-18,0.0002796367280009398,4.440892098500626e-16,1.9095836023552692e-14,0.06304589516592429,1.942890293094024e-14
384,0.001,0.04,0.041,39.908056667402285,39.89749796365577,-0.011545187616549824,-10.742987554744722,391.6579916605305,39.89736747373429,-0.010689193667992924,-1.1545187616549824e-05,-0.010742987554744723,0.00019582899583026525,-0.00013048992147502358,6.533907435524167e-05,5.379388675179862e-05,-0.01068919366800603,1.3105835861004778e-14,1.9651489636951514e-14,-6.545545355729487e-15,4.436335061244398e-19,-7.318364664277155e-19,0.0002609798429500457,4.440892098500626e-16,1.9539925233402755e-14,0.05901644444778675,1.9984014443252818e-14
384,0.001,0.08,0.081,39.49036595817612,39.48029133833101,-0.010057986727369421,-10.247445762927587,365.7678091139743,39.48016985494688,-0.010196103229240805,-1.0057986727369422e-05,-0.010247445762927587,0.00018288390455698715,-0.00012148338412267823,6.140052043430892e-05,5.134253368678163e-05,-0.010196103229220647,-2.01574867908505e-14,-1.5406621291236267e-14,-4.751637993662128e-15,-3.561773543204333e-18,3.835365185167472e-18,0.00024296676824536414,4.440892098500626e-16,1.9539925233402755e-14,0.05582861355119206,1.9095836023552692e-14
384,0.001,0.12,0.121,39.09103537559107,39.08137926015523,-0.007899937678668242,-9.819322119997713,342.2132436666488,39.08126638067924,-0.009768994911830475,-7.899937678668242e-06,-0.009819322119997713,0.0001711066218333244,-0.00011287947599835553,5.8227145834968854e-05,5.032720816723797e-05,-0.009768994911841411,1.0935696792557792e-14,4.726145690081562e-15,6.210770829920276e-15,2.6855179592697592e-18,-2.4665599424045226e-18,0.00022575895199670613,4.440892098500626e-16,1.9539925233402755e-14,0.053285210681895734,1.9761969838327786e-14
384,0.001,0.16,0.161,38.70779355736773,38.69850746503757,-0.005459342674413114,-9.440980506138656,320.695037355466,38.69840268145804,-0.00939087590968768,-5.459342674413114e-06,-0.009440980506138657,0.000160347518677733,-0.00010478357955636652,5.5563939121366484e-05,5.010459645097762e-05,-0.009390875909691704,4.0245584642661925e-15,-2.1866568885448023e-14,2.589017867281329e-14,3.72270980318265e-19,-3.7947076036992655e-19,0.0002095671591127323,4.440892098500626e-16,1.9539925233402755e-14,0.05119522777712682,2.020605904817785e-14
384,0.001,0.2,0.201,38.33887776504129,38.32992249928275,-0.003029344209436709,-9.102803089939417,301.13335118708807,38.32982518956901,-0.009052575472281887,-3.029344209436709e-06,-0.009102803089939418,0.00015056667559354403,-9.730971373764186e-05,5.325696185590217e-05,5.0227617657530935e-05,-0.009052575472292953,1.1065801053256052e-14,1.808812431433604e-14,-7.022485891405861e-15,3.6676526616111205e-19,-1.4501204056993622e-18,0.00019461942747528083,4.440892098500626e-16,2.042810365310288e-14,0.049464857655665995,1.9984014443252818e-14
384,0.001,0.24,0.241,37.982803734331824,37.974145242754695,-0.000813138391515314,-8.799447757097251,283.53863669458474,37.97405467614887,-0.008749058182957015,-8.13138391515314e-07,-0.008799447757097251,0.00014176931834729235,-9.056660582410123e-05,5.1202712523191126e-05,5.038957414023673e-05,-0.008749058182965576,8.560860353945543e-15,1.1751558927353134e-14,-3.190142919794192e-15,1.7889335846010823e-18,1.531435568635775e-18,0.00018113321164820551,4.440892098500626e-16,2.042810365310288e-14,0.04795304000313472,2.042810365310288e-14
384,0.001,0.28,0.281,37.63823722497102,37.62984415899612,0.0010718171034314993,-8.528109631021591,267.9436780219581,37.6297595142494,-0.008477710721621179,1.0718171034314993e-06,-0.008528109631021592,0.00013397183901097903,-8.46447466836572e-05,4.9327092327321824e-05,5.039890940041272e-05,-0.008477710721590839,-3.0340313594834356e-14,7.09829872831691e-15,-3.74392492919276e-14,-3.330533548603909e-18,8.131516293641283e-19,0.00016928949336731603,4.440892098500626e-16,2.1316282072803006e-14,0.04659500049497378,2.042810365310288e-14
384,0.001,0.32,0.321,37.303918266158725,37.295760538513505,0.002583745455334856,-8.28749245937465,254.36213736278498,37.29568093282795,-0.008237333330775698,2.583745455334856e-06,-0.008287492459374652,0.00012718106868139247,-7.960568554261979e-05,4.757538313877268e-05,5.0159128598953676e-05,-0.008237333330780543,4.845082668403222e-15,1.8542676075150588e-14,-1.3696739597536534e-14,1.2087160157318866e-18,-3.3068166260807885e-18,0.00015921137108523297,4.440892098500626e-16,2.042810365310288e-14,0.04534514229932274,2.0872192862952943e-14
384,0.001,0.36,0.361,36.978618683582305,36.970666697597316,0.0037402020250211993,-8.077108329429306,242.76428483635826,36.97059122253699,-0.008027461045315931,3.7402020250211994e-06,-0.008077108329429306,0.00012138214241817912,-7.54750603500391e-05,4.590708206814002e-05,4.964728411337507e-05,-0.008027461045336144,2.0212997942081756e-14,-2.036267205199338e-15,2.2249265147281094e-14,-2.0396553369883552e-18,3.3745792618611326e-18,0.00015095012070008495,4.440892098500626e-16,1.9984014443252818e-14,0.04416969112334357,1.9539925233402755e-14
384,0.001,0.4,0.401,36.661122364765475,36.65334670424825,0.004598201296469456,-7.896791799399667,233.06616176867664,36.653274464142115,-0.007847900623360715,4.598201296469456e-06,-0.007896791799399666,0.00011653308088433831,-7.224010611845822e-05,4.429297476588009e-05,4.889117603895134e-05,-0.007847900623337317,-2.3397950243975174e-14,-6.588235816271104e-15,-1.6810215871208845e-14,3.8116482626443515e-19,1.3417001884508117e-18,0.00014448021223691912,4.440892098500626e-16,1.9984014443252818e-14,0.04304423651453004,2.042810365310288e-14
384,0.0005,0.0,0.0005,40.347381983512456,40.34175713599963,-0.01185239837025815,-11.343038660421573,420.7841323670956,40.34172218140863,-0.005659802103828326,-5.926199185129075e-06,-0.0056715193302107865,5.259801654588695e-05,-3.4954591000123614e-05,1.7643425545763334e-05,1.1717226382460151e-05,-0.005659802103850152,2.18254234130022e-14,2.2926268088835355e-14,-1.100275469692602e-15,5.937259245805542e-18,-6.146071065277203e-18,6.990918200023494e-05,4.440892098500626e-16,1.9095836023552692e-14,0.031522947582958594,1.7985612998927536e-14
384,0.0005,0.04,0.0405,39.90687334667569,39.90154561943587,-0.01153258804031568,-10.741812100170465,391.5608342646031,39.90151299864277,-0.0053603480329158515,-5.76629402015784e-06,-0.005370906050085233,4.8945104283075386e-05,-3.2620793088496713e-05,1.6324311194578673e-05,1.055801716938129e-05,-0.005360348032910812,-5.039371697712625e-15,6.0886151263990496e-15,-1.1128020705429564e-14,-5.69629657028517e-20,-3.1170812458958252e-19,6.52415861769928e-05,4.440892098500626e-16,1.9095836023552692e-14,0.02951306639361384,1.9761969838327786e-14
384,0.0005,0.08,0.0805,39.48810274688379,39.483020682756894,-0.010040697391362003,-10.245490162608283,365.6104252868886,39.48299031497443,-0.005112431909360282,-5.020348695681002e-06,-0.005122745081304141,4.570130316086107e-05,-3.03677825012634e-05,1.5333520659597668e-05,1.0313171943858966e-05,-0.005112431909340224,-2.0057740190981832e-14,-5.664097121015066e-14,3.6583651147510665e-14,1.4571084275142102e-18,-1.853308088592409e-18,6.0735565002523094e-05,4.440892098500626e-16,1.9095836023552692e-14,0.027921401514198863,1.9095836023552692e-14
384,0.0005,0.12,0.1205,39.087771773207976,39.08290216120889,-0.007884315355065038,-9.816843428217501,342.014981648761,39.08287394544151,-0.004897827766463081,-3.942157677532518e-06,-0.004908421714108751,4.2751872706095125e-05,-2.821576739159391e-05,1.4536105314501214e-05,1.0593947645669982e-05,-0.0048978277664717814,8.700505593761676e-15,-3.4569447456521407e-15,1.2158036486213317e-14,-2.617331807015788e-19,1.1756817307889689e-18,5.643153478319017e-05,4.440892098500626e-16,1.9539925233402755e-14,0.02665036737444737,1.9761969838327786e-14
384,0.0005,0.16,0.1605,38.70359247769058,38.698910741626634,-0.005449761786635336,-9.438139172022174,320.46722354426777,38.6988845505181,-0.004707927172475479,-2.724880893317668e-06,-0.004719069586011087,4.005840294303347e-05,-2.619110850651172e-05,1.3867294436521748e-05,1.114241353560811e-05,-0.0047079271724678835,-7.59548673956445e-15,1.7639976122602735e-14,-2.52361675935793e-14,9.973812953919386e-19,-1.145188544687814e-18,5.238221701302115e-05,4.440892098500626e-16,1.9539925233402755e-14,0.025604824921700242,2.042810365310288e-14
384,0.0005,0.2,0.2005,38.33379063247788,38.32927687890602,-0.003028040622956616,-9.09969982423977,300.88288437799775,38.3292525566283,-0.004538075849580991,-1.514020311478308e-06,-0.004549849912119886,3.761036054724972e-05,-2.4322277696904414e-05,1.3288082850345303e-05,1.1774062538894188e-05,-0.004538075849581019,2.7755575615628914e-17,2.7431927714614834e-14,-2.7404646477449668e-14,1.3637230450794235e-18,-1.1587410718438829e-18,4.864455539380651e-05,4.440892098500626e-16,1.9761969838327786e-14,0.02473861008159517,2.042810365310288e-14
384,0.0005,0.24,0.2405,37.97687398881632,37.97251091582252,-0.0008204096677374312,-8.796142920807414,283.2693716312834,37.97248827946427,-0.004385709352050071,-4.1020483386871563e-07,-0.004398071460403707,3.540867145391042e-05,-2.2636358266632945e-05,1.2772313187277475e-05,1.2362108353636096e-05,-0.004385709352050298,2.2724877535296173e-16,-2.0785382150254744e-14,2.101278677967e-14,1.497554250745603e-18,-1.4060746924421386e-18,4.527271653326308e-05,4.440892098500626e-16,1.9539925233402755e-14,0.023981178159086625,1.9539925233402755e-14
384,0.0005,0.28,0.2805,37.6315029399669,37.62727460971787,0.0010571286443136392,-8.524631897704495,267.6570839546202,37.62725345389806,-0.0042494860688435665,5.285643221568197e-07,-0.004262315948852248,3.3457135494327524e-05,-2.1155819820812226e-05,1.2301315673515298e-05,1.2829880008681169e-05,-0.004249486068856575,1.3008691346350076e-14,8.184222071751235e-15,4.824428617017373e-15,-4.340196821731035e-18,2.0091621508872004e-18,4.231163964162847e-05,4.440892098500626e-16,2.042810365310288e-14,0.023300233077307553,1.9539925233402755e-14
384,0.0005,0.32,0.3205,37.296414302573446,37.29230542053259,0.0025636279421183375,-8.283842165256102,254.0578227597505,37.29228552465844,-0.004128777915006765,1.2818139710591688e-06,-0.004141921082628051,3.175722784496881e-05,-1.9895874139472746e-05,1.1861353705496065e-05,1.3143167621285957e-05,-0.004128777914951495,-5.527002466809705e-14,-4.122301322994834e-14,-1.404659808607045e-14,-2.363645439313125e-18,-8.944667923005412e-19,3.97917482789437e-05,4.440892098500626e-16,1.9984014443252818e-14,0.02267309709842813,1.9539925233402755e-14
384,0.0005,0.36,0.3605,36.970378565868984,36.966374099639445,0.003716855157153849,-8.073259459286144,242.44058005020878,36.96635523686912,-0.004023328999863907,1.8584275785769247e-06,-0.004036629729643072,3.0305072506276098e-05,-1.886277032311798e-05,1.1442302183158118e-05,1.3300729779164994e-05,-0.004023328999881337,1.7430501486614958e-14,1.956817547625958e-14,-2.1384261549017847e-15,-8.487270131488089e-19,-2.168404344971009e-19,3.7725540646235526e-05,4.440892098500626e-16,1.9539925233402755e-14,0.02208312392679712,1.9539925233402755e-14
384,0.0005,0.4,0.4005,36.652179912513915,36.64826494206908,0.0045735393984189295,-7.892694618684885,232.72075865711489,36.64824688886755,-0.003933023646368383,2.2867696992094646e-06,-0.0039463473093424425,2.909009483213936e-05,-1.80532015682743e-05,1.1036893263865058e-05,1.3323662974059312e-05,-0.0039330236463793675,1.0984269049885143e-14,-2.0928547658999666e-14,3.191327071854454e-14,-2.8756768559283497e-18,2.104029840979682e-18,3.610640313655281e-05,4.440892098500626e-16,1.9539925233402755e-14,0.021518241730983823,2.1316282072803006e-14
