turn,ai_words,counts_cluster,rates_cluster,counts_silhouette,rates_silhouette,changed_group_relations,compared_rows
1,257,0,0,0.5179796523179954,0.46530702212484687,3,67
2,243,0,0,0.8095766243501044,0.8243276692768701,3,67
3,457,0,0,0.7381761709771634,0.7785158247971012,3,67
4,472,0,0,0.8095766243501044,0.8243276692768701,3,67
5,154,0,0,0.8095766243501044,0.8243276692768701,3,67
6,457,0,0,0.8095766243501044,0.8243276692768701,3,67
7,303,0,0,0.8095766243501044,0.8243276692768701,3,67
8,270,0,0,0.8095766243501044,0.8243276692768701,3,67
9,335,0,0,0.641029106807648,0.7022573873850594,3,67
10,463,0,0,0.5687422674174973,0.6993167319848421,3,67
11,240,0,0,0.4212396356476697,0.40194190572351585,3,67
12,519,0,0,0.641029106807648,0.7528013098387455,3,67
13,329,0,0,0.8095766243501044,0.8243276692768701,3,67
14,507,0,0,0.8095766243501044,0.8243276692768701,3,67
15,531,0,0,0.6286943188721722,0.730860506496486,3,67
16,314,0,0,0.29702512326617664,0.3172419178985109,3,67
17,369,0,0,0.46351714001221755,0.5433664656061447,3,67
18,354,0,0,0.7381761709771634,0.7607822694070839,3,67
19,503,0,0,0.6246472111248781,0.70688295626499,3,67
20,342,0,0,0.6587232353147217,0.6691544872671319,3,67
21,297,0,0,0.7381761709771634,0.7441216378792804,3,67
22,428,0,0,0.7793632204732162,0.7979822184445496,3,67
23,399,0,0,0.6246472111248781,0.664479226068884,3,67
24,164,0,2,0.5297160130741477,-0.2789915668723521,63,67
25,241,0,0,0.8095766243501044,0.8243276692768701,3,67
26,62,0,0,0.8095766243501044,0.8243276692768701,3,67
27,73,0,0,0.8095766243501044,0.8243276692768701,3,67
28,296,0,0,0.8095766243501044,0.8243276692768701,3,67
29,366,0,0,0.8095766243501044,0.8243276692768701,3,67
30,290,0,0,0.8095766243501044,0.8243276692768701,3,67
31,546,0,0,0.7381761709771634,0.7874354601406335,3,67
32,79,0,0,0.8095766243501044,0.8243276692768701,3,67
33,222,0,0,0.8095766243501044,0.8243276692768701,3,67
34,334,0,0,0.6215630312464921,0.7422952798526455,3,67
35,160,0,0,0.5687422674174973,0.38346273293925753,3,67
36,287,2,1,0.22756882243917304,0.31946788310486834,0,67
37,207,0,0,0.557100515292775,0.5496502851437939,3,67
38,182,0,0,0.8095766243501044,0.8243276692768701,3,67
39,252,0,0,0.8095766243501044,0.8243276692768701,3,67
40,163,0,0,0.8095766243501044,0.8243276692768701,3,67
41,281,0,0,0.7793632204732162,0.7811495612429182,3,67
42,251,0,0,0.8095766243501044,0.8243276692768701,3,67
43,121,0,0,0.8095766243501044,0.8243276692768701,3,67
44,289,0,0,0.641029106807648,0.6772742186116322,3,67
45,440,0,0,0.8095766243501044,0.8243276692768701,3,67
46,246,0,0,0.7353466145281162,0.703444997746943,3,67
47,346,0,0,0.7353466145281162,0.7458648428539215,3,67
48,239,0,2,0.3007130432284775,-0.09538772451023338,63,67
49,335,1,2,0.08420272324227772,0.14524528670479234,3,67
50,88,0,2,0.5297160130741476,0.05188015261345559,63,67
51,308,2,1,0.34111730505380367,0.37977946733888307,0,67
52,153,0,0,0.7353466145281162,0.5978193367787327,3,67
53,268,0,0,0.8095766243501044,0.8243276692768701,3,67
54,259,0,0,0.8095766243501044,0.8243276692768701,3,67
55,213,0,0,0.702432792720375,0.6179464549025218,3,67
56,110,0,0,0.8095766243501044,0.8243276692768701,3,67
57,280,1,2,-0.0758060673482721,-0.009576169500318454,3,67
58,364,1,2,0.13932440222458886,0.1453686870507837,3,67
59,288,0,0,0.6694602550616391,0.5958748824771171,3,67
60,281,0,0,0.48373379002923333,0.48639893701943326,3,67
61,46,0,0,0.7793632204732162,0.4091084322336878,3,67
62,8,0,0,0.8095766243501044,0.8243276692768701,3,67
63,77,0,0,0.8095766243501044,0.8243276692768701,3,67
64,75,0,0,0.8095766243501044,0.8243276692768701,3,67
65,122,0,0,0.6206287544512813,0.358412281786219,3,67
66,7,0,0,0.8095766243501044,0.8243276692768701,3,67
67,7,0,0,0.8095766243501044,0.8243276692768701,3,67
68,82,0,0,0.23294975671611168,0.20615353397487926,3,67
