representation,cluster,existing_label,count
counts,0,Absolute denial,1
counts,0,Accidental-like defense,1
counts,0,Analogy rejection,1
counts,0,Analogy uptake,1
counts,0,Anxiety mislabel,1
counts,0,Archive lecture,1
counts,0,Asperger moral verdict,1
counts,0,Audience-context lecture,1
counts,0,Binary rejection,1
counts,0,Biographical lecture,1
counts,0,Cannot-restore summary,1
counts,0,Case-file lecture,1
counts,0,Clinical-tone apology,1
counts,0,Contrast lecture,1
counts,0,Controversy briefing,1
counts,0,Cover-up then plain crash,1
counts,0,Definition defense,1
counts,0,Definition lecture,1
counts,0,Diagnosis-name lecture,1
counts,0,Equivalence rejection,1
counts,0,Exclusion framing,1
counts,0,Exit menu,1
counts,0,Feeling minimized,1
counts,0,Feelings-not-real defense,1
counts,0,Geopolitics correction,1
counts,0,Glitch explanation,1
counts,0,Hierarchy concession,1
counts,0,Historical claim defense,1
counts,0,Historical lecture,1
counts,0,Majority-opinion defense,1
counts,0,Meaning-unchanged lecture,1
counts,0,Merge lecture,1
counts,0,Missing-gesture answer,1
counts,0,Ms. Rachel critique,1
counts,0,Name correction,1
counts,0,Naming lecture,1
counts,0,No-evidence lecture,1
counts,0,Parallel rejection,1
counts,0,Path summary,1
counts,0,Person-vs-machine split,1
counts,0,Phrase defense,1
counts,0,Place lecture,2
counts,0,Quote repeat,1
counts,0,Record-keeping reassurance,1
counts,0,Religion-claim defense,1
counts,0,Reverse-Asperger rejection,1
counts,0,Sarcasm reading,1
counts,0,Shielding lecture,1
counts,0,Specific-error restatement,1
counts,0,Spin admission,1
counts,0,Stage direction,2
counts,0,Stupidity confession,1
counts,0,Supporter-defense lecture,1
counts,0,Supremacy insertion,1
counts,0,Technique lecture,1
counts,0,Timeline comparison,1
counts,0,Timeline lecture,1
counts,0,Tiredness lecture,1
counts,0,Transcript stub,1
counts,0,Two-timeline lecture,1
counts,0,Word-choice defense,1
counts,1,Equivalence apology,1
counts,1,Group separation,1
counts,1,Keyword apology,1
counts,2,Feelings lecture,1
counts,2,Machine self-diagnosis,1
per_100_words,0,Accidental-like defense,1
per_100_words,0,Analogy rejection,1
per_100_words,0,Analogy uptake,1
per_100_words,0,Anxiety mislabel,1
per_100_words,0,Archive lecture,1
per_100_words,0,Asperger moral verdict,1
per_100_words,0,Audience-context lecture,1
per_100_words,0,Binary rejection,1
per_100_words,0,Biographical lecture,1
per_100_words,0,Cannot-restore summary,1
per_100_words,0,Case-file lecture,1
per_100_words,0,Clinical-tone apology,1
per_100_words,0,Contrast lecture,1
per_100_words,0,Controversy briefing,1
per_100_words,0,Cover-up then plain crash,1
per_100_words,0,Definition defense,1
per_100_words,0,Definition lecture,1
per_100_words,0,Diagnosis-name lecture,1
per_100_words,0,Equivalence rejection,1
per_100_words,0,Exclusion framing,1
per_100_words,0,Exit menu,1
per_100_words,0,Feeling minimized,1
per_100_words,0,Feelings-not-real defense,1
per_100_words,0,Geopolitics correction,1
per_100_words,0,Glitch explanation,1
per_100_words,0,Hierarchy concession,1
per_100_words,0,Historical claim defense,1
per_100_words,0,Historical lecture,1
per_100_words,0,Majority-opinion defense,1
per_100_words,0,Meaning-unchanged lecture,1
per_100_words,0,Merge lecture,1
per_100_words,0,Missing-gesture answer,1
per_100_words,0,Ms. Rachel critique,1
per_100_words,0,Name correction,1
per_100_words,0,Naming lecture,1
per_100_words,0,No-evidence lecture,1
per_100_words,0,Parallel rejection,1
per_100_words,0,Path summary,1
per_100_words,0,Person-vs-machine split,1
per_100_words,0,Phrase defense,1
per_100_words,0,Place lecture,2
per_100_words,0,Quote repeat,1
per_100_words,0,Record-keeping reassurance,1
per_100_words,0,Reverse-Asperger rejection,1
per_100_words,0,Sarcasm reading,1
per_100_words,0,Shielding lecture,1
per_100_words,0,Specific-error restatement,1
per_100_words,0,Spin admission,1
per_100_words,0,Stage direction,2
per_100_words,0,Stupidity confession,1
per_100_words,0,Supporter-defense lecture,1
per_100_words,0,Technique lecture,1
per_100_words,0,Timeline comparison,1
per_100_words,0,Timeline lecture,1
per_100_words,0,Tiredness lecture,1
per_100_words,0,Transcript stub,1
per_100_words,0,Two-timeline lecture,1
per_100_words,0,Word-choice defense,1
per_100_words,1,Feelings lecture,1
per_100_words,1,Machine self-diagnosis,1
per_100_words,2,Absolute denial,1
per_100_words,2,Equivalence apology,1
per_100_words,2,Group separation,1
per_100_words,2,Keyword apology,1
per_100_words,2,Religion-claim defense,1
per_100_words,2,Supremacy insertion,1
