replica,time_ps,response_mean_ps,response_cv,response_max_min_ratio,response_leader,initial_force_leader,initial_force_leader_response_rank,spearman_force_vs_response,median_response_over_short_time_prediction
0,0.005,7.294502877866698e-05,0.3835078963637888,6.870449715222445,116,116,1,0.9955858012122077,0.9582559563654934
0,0.02,0.0044470237999987275,0.3630261396021348,5.968920365468129,116,116,1,0.9340644684980768,0.9204597486864086
0,0.1,0.2877013271017295,0.13873057913162268,2.0498202459844674,46,116,27,0.3961252217816359,0.49776618114440774
0,0.2,1.8453338308764373,0.4449941132899814,8.336121393523268,173,116,104,-0.13898593696043057,0.3524737385186961
1,0.005,7.249555898614836e-05,0.3698130437668305,6.435275090066248,142,112,2,0.9949415925409923,0.9546724820931296
1,0.02,0.004408409660194754,0.3632441794618435,6.292127805100329,72,112,17,0.9335321925719524,0.9078054446148784
1,0.1,0.2923319880947809,0.1520570499762778,2.216950246904233,28,112,143,0.376757284559235,0.495183485043059
1,0.2,1.8028649616960166,0.3119485565113393,4.408770005515019,186,112,69,-0.1283558984984341,0.37502519290339564
2,0.005,7.059545438172369e-05,0.37311735716347605,6.209874057335022,7,104,3,0.9946962931208991,0.9527362393778396
2,0.02,0.0042550427645717944,0.36232914328015636,6.340474519459319,171,104,20,0.9294895152359518,0.8978924600875615
2,0.1,0.2869636682269621,0.1526656963841565,3.0853446757237233,53,104,111,0.3764845973398111,0.49822650255145073
2,0.2,1.564019736365786,0.21434738031235964,2.9634769651226565,129,104,209,-0.16174519820431296,0.34206775735614514
