replica,production_ps,leader,min,max,mean,cv,reciprocity_error
0,5.0,49,21557.500994016398,138540.1624537717,62401.55334684244,0.369729467841259,0.0010939311360616349
0,10.0,146,20188.28857162356,156714.5342727201,63761.25205390997,0.36962079997378294,0.0006818277091142744
0,15.0,184,19841.918102850643,144983.8160605075,64294.95290027669,0.36687370161425553,0.0014364564491364344
0,20.0,40,21003.836252258257,133522.86578844796,63373.95497937356,0.35709296138569996,0.0012931906874112044
0,25.0,60,24047.628841790975,150384.02340208576,64559.04946370021,0.3415569783772547,0.0009265935104186482
0,30.0,67,30008.075633172106,184481.50456384805,65300.86916811144,0.3656696842895435,0.0010085952339130282
0,35.0,188,22623.47598703181,135589.51737228356,64584.186390897135,0.34603850873694575,0.00046214126705551703
0,40.0,151,23522.583177954868,139479.0442535377,62085.39222448811,0.33473519836869037,0.001112371719442866
0,45.0,138,20333.83984682084,154656.00468343077,64581.59570376651,0.400786206641885,0.0009923953519639542
0,50.0,116,24988.72840339084,170683.71177785838,66021.71238227592,0.38658332138030277,0.0008221847775171213
1,5.0,126,20074.247154913468,160402.60224297392,66078.02973399169,0.39077303227027144,0.0012030852780115671
1,10.0,203,20089.840245755368,168146.1622040242,68202.2001511206,0.41629659271236596,0.001114786412288273
1,15.0,104,20723.982123390124,127560.56812708896,61266.49691856205,0.38238710097649126,0.001449733184650754
1,20.0,61,23817.625481762207,163395.2831322799,63745.059051595126,0.3487327015634164,0.0011108767958001812
1,25.0,197,19576.809532969695,168892.99372168691,64040.19513356906,0.377308785746211,0.0012700933172157913
1,30.0,131,21815.234369519017,158805.58109154453,63806.00984056969,0.36558311668913057,0.001479321399865191
1,35.0,125,22289.447898076214,139124.2368400976,66687.28931472103,0.32793724255853574,0.0012090370437603992
1,40.0,155,18131.931965610456,164792.07829241344,64519.296133199416,0.3956972221926496,0.0011432586783609575
1,45.0,102,20515.305755703826,146902.28296188204,65981.69076316847,0.36968836221106094,0.0004389299659360754
1,50.0,112,20719.201817042085,140418.56171409556,65751.68441785031,0.36852237013019806,0.0005942768441168059
2,5.0,81,19965.200224873417,164733.27439410775,67874.68810788156,0.3917145637267623,0.0009965294137155958
2,10.0,5,22885.11104469351,168581.27162015619,68609.69022342491,0.39820115213899615,0.0009941649236219342
2,15.0,120,19807.96336296231,164424.07809642947,66533.89644160576,0.39544675864598283,0.00104403668732901
2,20.0,95,20879.831777117255,158291.6663399329,65335.09992731769,0.37721870746906067,0.0007685613485518925
2,25.0,68,21376.5651911811,166954.3612267325,68849.3166628004,0.3573650587644593,0.0009264820827220144
2,30.0,118,18138.69802223872,147807.61595265928,65662.52621275203,0.3614193508676709,0.0011143320907254387
2,35.0,62,20538.883543687614,176495.06850529867,66270.72788782514,0.38221180348898315,0.0013947527683767563
2,40.0,210,20340.271818978264,177464.26041863405,63054.60337113704,0.42696683817206005,0.0008432246102834664
2,45.0,72,19580.00637318929,126615.88410340545,65489.243132545875,0.3419799241956082,0.0008449225729428617
2,50.0,104,22043.032219277873,140505.6552166555,63996.517352817566,0.3741447100212824,0.0007224155509511562
