id,mean_coordination,first_half,second_half,leader_frame_count
0,5.046810316386502,5.103672566474841,4.989948066298163,4
1,4.982336436391553,4.95013926536517,5.014533607417936,0
2,4.941166121504891,4.975071063218008,4.907261179791775,1
3,4.944305800660502,5.020330081131907,4.868281520189097,2
4,5.068269869781006,5.044273340412124,5.092266399149889,5
5,4.980745639709501,4.952821097553263,5.008670181865741,0
6,5.142010352145429,5.083421628945235,5.200599075345623,3
7,4.99944975674607,5.121791522555768,4.87710799093637,1
8,4.958644854272137,5.087040987121447,4.830248721422829,1
9,5.016064145068773,5.07034061334903,4.961787676788515,1
10,4.88741071517938,4.903637896306559,4.871183534052201,0
11,4.968423925999137,4.906529312735423,5.030318539262852,0
12,4.942294266028513,4.870054703535974,5.014533828521053,0
13,4.991524953580721,5.119308210288922,4.863741696872521,1
14,4.963382122862007,4.957230592653766,4.969533653070246,1
15,4.948206096565293,4.859273035332549,5.037139157798037,2
16,5.112222787355532,4.981191792094311,5.243253782616755,3
17,5.010479659837643,5.068694443561334,4.952264876113953,3
18,5.052136365625453,5.100290313284162,5.0039824179667445,2
19,5.023936038907039,5.010620139482331,5.037251938331746,4
20,4.987649666886755,5.043034793578392,4.932264540195116,3
21,5.06665758698598,4.962190990825268,5.171124183146692,1
22,5.001184077168427,4.9941760785028855,5.008192075833968,0
23,4.926815894144449,4.973422905441712,4.880208882847185,1
24,5.072617486388901,5.058721986975439,5.086512985802363,2
25,5.0702164078553835,4.981281679430938,5.159151136279828,4
26,4.920477517218668,5.074644118583916,4.7663109158534205,1
27,5.055227429396813,4.842939537048101,5.267515321745525,2
28,5.1087279712817235,5.0436611377631,5.173794804800347,2
29,4.9452510479292435,4.88505641660418,5.005445679254305,0
30,5.055308697542782,5.097060924020453,5.013556471065111,1
31,4.980331354472053,5.004650903730047,4.956011805214059,6
32,5.0960542336395465,4.9683815358845465,5.223726931394545,4
33,5.028874829348995,4.990146812185316,5.067602846512674,1
34,4.991716695801924,4.991272546089161,4.992160845514688,1
35,4.994716283333817,5.0545814097094866,4.934851156958148,2
36,4.996044052839798,5.107714440082138,4.8843736655974554,8
37,5.061838045577189,5.062289370716939,5.061386720437443,3
38,5.082097243500334,4.965490769325553,5.198703717675115,1
39,4.989013897025441,5.044031426352631,4.93399636769825,6
40,4.919223467975621,4.994596900966981,4.843850034984261,1
41,4.949819115159867,4.980034241534031,4.9196039887857035,4
42,4.925419396551033,4.808591084449638,5.042247708652428,0
43,5.004068886220121,5.073717530920201,4.934420241520038,3
44,4.986737581586539,4.916613651006235,5.056861512166843,2
45,5.055367470310715,5.0568277799017975,5.053907160719633,4
46,4.943624933418181,5.01496726750712,4.8722825993292425,4
47,5.026544854484728,5.116565353363599,4.936524355605854,3
48,5.000416324073654,4.934538155853768,5.0662944922935385,2
49,5.190625385388739,5.249262424913328,5.1319883458641495,8
50,5.11102007594417,5.240005399325154,4.982034752563185,3
51,5.0359249448191274,5.058517826926197,5.01333206271206,0
52,5.125081532171586,5.191236277491285,5.058926786851887,3
53,4.999300911465181,4.977388841382838,5.021212981547525,3
54,5.18365652657329,5.254636901019233,5.112676152127348,6
55,4.918279674754191,4.977782505947808,4.858776843560576,3
56,4.977868953685077,4.9860274998041065,4.9697104075660485,1
57,5.088782707270772,5.087851245988217,5.089714168553325,4
58,5.008886885524426,5.158179136256755,4.859594634792097,2
59,5.050904791229146,5.016751337165942,5.08505824529235,2
60,5.055803632771815,5.038510595567401,5.073096669976229,1
61,5.117208356781642,5.237747846472506,4.996668867090777,3
62,5.1380386821579584,5.049045335401157,5.227032028914761,2
63,5.119735808605603,5.045727995829848,5.193743621381357,2
64,5.006968315894554,5.098428525310916,4.915508106478191,1
65,4.96816876845441,4.91443019739535,5.0219073395134695,1
66,5.018880801493205,5.068781847554374,4.968979755432037,1
67,5.093954262705493,4.979072647147205,5.208835878263782,5
68,5.221092655319804,5.187116206977447,5.255069103662161,1
69,5.129184501200145,5.035159414381544,5.223209588018745,10
70,4.748071625303781,4.622364562742915,4.873778687864647,2
71,4.946488519280518,4.994601364197667,4.8983756743633675,4
72,4.930690608095415,4.906103120433017,4.955278095757812,2
73,5.112589426252639,5.140456735998752,5.0847221165065255,5
74,4.9942676719816514,4.961536936636654,5.02699840732665,1
75,5.035465779642728,5.071508306466886,4.99942325281857,2
76,4.985388283792023,5.180615790944335,4.79016077663971,1
77,5.060625383782041,5.0089686517849055,5.112282115779174,3
78,5.097369794899076,5.212072389537176,4.982667200260978,5
79,5.09896175243458,5.090188358534138,5.107735146335022,1
80,5.0739163391854865,5.024481464032017,5.123351214338956,2
81,4.974475961012134,5.002318325592091,4.946633596432177,0
82,4.958288868459966,4.902034888960451,5.014542847959482,5
83,5.04876080010071,5.061523713700782,5.035997886500639,1
84,5.05448349856532,4.974031647395808,5.134935349734832,2
85,5.053514895449764,5.152835437804973,4.954194353094556,0
86,4.977170275954004,4.8769215316920835,5.077419020215924,2
87,5.0369365190692275,5.001102298441078,5.0727707396973765,1
88,5.177732032034034,5.067119933232916,5.288344130835152,11
89,5.145658972591082,5.188229511226338,5.1030884339558265,2
90,5.1436922186297345,5.163749996710996,5.123634440548474,3
91,5.018386105310874,5.111385337324224,4.9253868732975254,4
92,4.89267169271214,4.9258834680636285,4.859459917360652,3
93,5.0721530986639785,5.027313545951289,5.116992651376667,3
94,5.072785989322844,5.029353988514349,5.116217990131336,1
95,5.121436087079227,5.157882765577286,5.084989408581168,1
96,5.034199006682022,4.932139299174089,5.136258714189955,3
97,5.043524457874915,5.054148124617081,5.03290079113275,6
98,4.917672590559846,4.800475941338245,5.034869239781447,0
99,4.91184178122497,4.902444692033353,4.921238870416586,0
100,4.893545297796965,5.012916792375971,4.774173803217958,3
101,4.956382893131131,4.910818456242747,5.001947330019517,2
102,5.03909237114488,5.074419659296409,5.003765082993351,0
103,5.086805922702504,5.117418022013996,5.056193823391013,3
104,5.000175172751382,4.960696061857718,5.039654283645048,4
105,5.187801033277043,5.259843124229545,5.11575894232454,6
106,5.050428414136615,5.050389424788097,5.050467403485133,1
107,5.019127498370602,5.028555907471234,5.00969908926997,3
108,4.957293617520587,4.983486709042567,4.931100525998607,2
109,4.992357269285066,4.948905092962673,5.03580944560746,0
110,5.084510755862502,5.002168541239246,5.166852970485759,1
111,4.93118948269949,5.064265239370368,4.798113726028612,2
112,4.959687385737821,4.9672647617920305,4.952110009683614,0
113,4.946453344551979,4.848461330909647,5.044445358194313,3
114,4.948570463843487,4.940907441008978,4.956233486677996,0
115,4.999699091721559,5.0568228429416315,4.942575340501486,2
116,4.885569737187825,4.881369996017336,4.889769478358316,1
117,5.127839269762421,4.964943924518661,5.290734615006183,4
118,5.0238495848808356,5.018749431849673,5.028949737911996,2
119,4.932008233227299,4.8467854943486035,5.017230972105995,0
120,4.934640893144882,4.896623186980769,4.972658599308995,1
121,5.053179674644309,5.110777622712443,4.995581726576176,2
122,5.060428084036823,4.9472312429036,5.173624925170045,10
123,5.035114645269334,4.961989066434359,5.108240224104307,5
124,5.060229683898527,5.0869670537104374,5.033492314086616,3
125,5.21013868237118,5.111413891161455,5.308863473580905,2
126,5.106263053778293,4.993578701306681,5.218947406249906,1
127,5.066415658526035,5.006153173527955,5.126678143524115,4
128,4.9663578086614715,4.962241541047442,4.970474076275501,5
129,5.070282393453199,5.081882286529892,5.058682500376507,0
130,5.04713788703482,4.943354571768403,5.150921202301239,2
131,5.087364609084389,5.178913696762316,4.995815521406462,2
132,5.0252224493319,5.086798795271063,4.963646103392737,3
133,4.744055542375134,4.690741404745028,4.7973696800052394,1
134,5.125948899909713,4.978994527346156,5.27290327247327,4
135,5.085850978773654,5.034198999664317,5.137502957882992,0
136,5.070283897043616,5.02389533805403,5.116672456033203,0
137,5.143897896140125,5.0652799920672384,5.222515800213012,6
138,5.133672007957921,5.2268161737173795,5.040527842198462,6
139,4.999844458382477,5.015460176586368,4.984228740178587,1
140,5.104374790416003,5.199685779509263,5.0090638013227435,1
141,5.023504099131935,4.9529544545878545,5.094053743676015,0
142,4.984009094238423,5.007993606371192,4.960024582105656,0
143,5.089098440159886,5.054570650311666,5.123626230008106,2
144,5.000600985901607,4.9125840620409456,5.088617909762268,0
145,4.9741745696500255,5.021693699925747,4.926655439374304,3
146,5.040280051973535,4.955781065456162,5.124779038490906,2
147,4.9923613079748215,5.160051983515295,4.824670632434345,1
148,5.019529879322356,4.990771545389149,5.048288213255564,2
149,5.102704930964498,5.084145697139023,5.121264164789973,1
150,5.159250877638397,5.21840839066254,5.100093364614251,2
151,5.024617396636634,5.147514441011139,4.90172035226213,1
152,5.135033775810272,5.353158554956643,4.9169089966639,2
153,4.927781216416009,4.958366722861729,4.897195709970289,0
154,5.183501023340259,5.311220767476712,5.055781279203807,0
155,4.974164724931202,5.020258880868219,4.928070568994184,0
156,5.095614055503139,5.184096191667566,5.007131919338712,4
157,4.996006066368707,5.019815784634443,4.972196348102973,0
158,5.104610141896426,5.111502432133912,5.09771785165894,1
159,4.954851052073133,4.930068573695382,4.979633530450886,3
160,4.921240404319905,4.933848221665914,4.908632586973896,0
161,4.98028654965717,5.01366012841622,4.946912970898122,0
162,5.243126882800763,5.247681961767255,5.238571803834271,4
163,5.084477307988563,5.068052196415094,5.1009024195620345,1
164,5.127082646146933,5.0890821325599065,5.165083159733961,5
165,4.979544469336993,4.969692832217526,4.989396106456458,0
166,5.05632159383532,4.940452926897504,5.172190260773137,2
167,4.8347452612879005,4.8756002725137915,4.7938902500620095,1
168,5.03532708460921,4.9731446482918615,5.097509520926558,3
169,5.119066342534247,5.094535707709258,5.143596977359237,1
170,4.96076177525502,4.998277173325727,4.923246377184311,2
171,5.025892666447682,5.074829565743397,4.976955767151968,3
172,5.1174661472666925,5.251716582940782,4.9832157115926,3
173,5.0262115059657715,5.039159378446204,5.01326363348534,0
174,4.989175516118912,5.019684454604458,4.958666577633367,3
175,5.0432113466163075,5.106257451288722,4.980165241943891,5
176,5.002609735315944,4.896847137320806,5.108372333311081,1
177,5.068103698029012,4.984469049986308,5.151738346071715,5
178,4.990241924152619,4.899681173324143,5.080802674981095,3
179,5.036350903478122,5.110201226425721,4.9625005805305245,6
180,5.219065572427976,5.233289548076684,5.204841596779268,6
181,5.093198221624829,5.1848330714198205,5.001563371829838,2
182,5.050473250057632,5.241129017512863,4.859817482602399,2
183,5.088373399486516,5.0691882382607805,5.107558560712252,1
184,5.039229291536567,5.02777419546556,5.050684387607573,5
185,5.01088556013972,5.00925070523521,5.0125204150442295,0
186,5.0655224170964415,5.113614613759238,5.017430220433642,5
187,4.888999251029082,4.916259492587654,4.861739009470511,0
188,4.9597730794577535,5.018718105117508,4.900828053797999,0
189,4.99919792100293,5.080399129491273,4.917996712514585,2
190,4.9960455783306665,5.08685797336375,4.905233183297582,1
191,5.121634557074067,5.166677802852073,5.076591311296061,3
192,5.204402490675991,5.202693209074335,5.206111772277648,3
193,5.035293761520652,5.0864835380101425,4.984103985031161,3
194,4.896602519249072,4.823142643868316,4.970062394629829,1
195,5.100529250991717,5.149734029409708,5.051324472573724,0
196,5.0015614848833,5.061281380752067,4.941841589014533,1
197,5.032012141617523,5.110996144986283,4.953028138248766,3
198,4.9223704919856015,4.976910433562884,4.867830550408319,1
199,5.052859234880007,5.020671336893305,5.085047132866706,5
200,4.961613305915868,5.046507955657986,4.876718656173749,2
201,5.025319277720936,5.078795794703991,4.9718427607378795,0
202,4.97497959172542,5.013507352827283,4.936451830623558,3
203,5.115518590221515,5.159723354575428,5.071313825867603,1
204,5.052969911945369,4.945206388126861,5.160733435763879,3
205,4.895264363211323,4.958664968873016,4.83186375754963,2
206,4.858135659487872,4.841566412529257,4.874704906446488,2
207,5.025901231618527,5.019715870642462,5.032086592594594,1
208,5.0319229673517984,5.040552160312743,5.023293774390855,5
209,4.932289766205247,4.909436241581086,4.955143290829406,3
210,5.131121958355124,5.2782512734671565,4.983992643243094,5
211,5.009936861242684,4.979519469843071,5.040354252642299,1
212,4.994986556739892,5.0367358626147505,4.953237250865033,2
213,4.963812663886676,4.946004978781357,4.981620348991996,4
214,5.051540307514601,5.057199619923921,5.045880995105281,5
215,4.999158545683139,5.000883381201895,4.997433710164383,3
