r_nm,g_OO
0.005,0.0
0.015,0.0
0.025,0.0
0.035,0.0
0.045,0.0
0.055,0.0
0.065,0.0
0.07500000000000001,0.0
0.08499999999999999,0.0
0.095,0.0
0.10500000000000001,0.0
0.11499999999999999,0.0
0.125,0.0
0.135,0.0
0.14500000000000002,0.0
0.155,0.0
0.165,0.0
0.175,0.0
0.185,0.0
0.195,0.0
0.20500000000000002,0.0
0.215,0.0
0.225,0.0
0.235,5.361856307281639e-05
0.245,0.014454117707060161
0.255,0.38033903109449274
0.265,1.6510083906703374
0.275,2.6151802161615305
0.28500000000000003,2.435935995199993
0.295,1.8572582492589906
0.305,1.4107916999133288
0.315,1.1691585042865789
0.325,1.0448161421544364
0.335,0.9891798234244044
0.34500000000000003,0.9587824977464856
0.355,0.9502123487208102
0.365,0.9475309276380764
0.375,0.9539621631210103
0.385,0.9625311873811752
0.395,0.9693908375478185
0.405,0.9786144969088262
0.41500000000000004,0.987141022043781
0.425,0.9933811097133716
0.435,0.9976742325267904
0.445,0.9963503780798013
0.455,1.0008509441585225
0.465,0.9956581905765982
0.475,0.9974005651197838
0.485,0.989907902106919
0.495,0.9972599333382939
0.505,0.9958562509346666
0.515,0.9983139281505224
0.525,0.9969894041178656
0.535,1.0023080249581582
0.545,0.9957706726934294
0.555,0.9910348023982849
0.5650000000000001,0.9778668084495344
0.575,0.9726567888976598
0.585,0.9698981135663249
0.595,0.9782382602128482
0.605,0.9832402099910795
0.615,0.9918926665723682
0.625,0.9998904208660578
0.635,1.0119420327769741
0.645,1.0146456242821111
0.655,1.0214593193728065
0.665,1.0233558421216369
0.675,1.0269478793609785
0.685,1.0298923595626233
0.6950000000000001,1.024993346325979
0.7050000000000001,1.0237663073197292
0.715,1.0222325123618965
0.725,1.0201143256245502
0.735,1.0112278539572537
0.745,1.010248612664223
0.755,1.0060826830365046
0.765,1.0020055050395917
0.775,1.0010147335395407
0.785,0.9999579766611599
0.795,0.9943287741210654
0.805,0.9932366747449453
0.8150000000000001,0.9947541696226316
0.8250000000000001,0.9923474454161516
0.835,0.9947757135597951
0.845,0.9966292652495654
0.855,0.9967369312995499
0.865,0.9985661215357211
0.875,0.9983479113130541
0.885,1.00387577315575
0.895,1.0029803342955659
