id,x,y,z,weighted_degree,pulse_share
0,0.12563646004385953,0.9706173304494448,0.9913986155624177,0.9817244653511407,0.38362695563937455
1,0.39661279224796475,0.7620150462849342,0.1091796093900842,1.1250759970211566,0.42523655339661137
2,0.33671726780859335,0.1797593925098595,0.9371971433976931,1.2622284833544497,0.46168286382713564
3,0.7887583351261672,0.9501667541257252,0.5228569242369199,0.9197023453468547,0.36435003622912054
4,0.3805464598669356,0.09360068107866615,0.31012127838600656,1.165973385333098,0.4343511696535155
5,0.24535280893492983,0.4974199311644639,0.061061220557512175,1.3953235558853017,0.49307393148703527
6,0.6657630569568272,0.5959850654438505,0.45562996982379256,0.697637850500954,0.28957590646799025
7,0.8510732285827429,0.10329412931636472,0.18978200348864638,0.7907273141359585,0.3236977465656896
8,0.5467288156538074,0.05762209346676994,0.21886559670516037,1.1790351045642875,0.43879640525963504
9,0.7745214706768471,0.9924265428020508,0.7044319844332454,0.9193409445337486,0.36439125461454513
10,0.6570130209449127,0.17535353637780815,0.6030789019876781,1.1761995625101687,0.43772087133969506
11,0.15306156122027026,0.7731278317506632,0.9397669562484917,0.9967379720593055,0.3875744681323997
12,0.7836165600257652,0.6469258493921886,0.7405345498769016,0.6412475824914075,0.27139620197755676
13,0.5203747199140868,0.6813554199302835,0.5529721597352654,0.7494643104641447,0.30889252823395974
14,0.19694076130046734,0.5727477857871718,0.5860694534891753,0.5699184614729149,0.24602945113200902
15,0.7481202497944502,0.22605247608924162,0.6257799234353058,1.1376769463324252,0.426296256267819
16,0.9962694099185835,0.2947251446243818,0.6545370950671364,0.9761469172915077,0.3802948309275844
17,0.09854462284200671,0.02165104365184045,0.43010815223223353,0.7373817138250366,0.30624086973582343
18,0.24447001378593514,0.8053044521748998,0.41960429206167493,0.785883165970577,0.32144159973615705
19,0.07838539402678157,0.3448217769251327,0.03965551033047099,1.1225104734689828,0.4235791089192167
20,0.15569123651461292,0.5242931073519944,0.9928467820227022,1.2606251109748556,0.4597995904897678
21,0.304568481136578,0.10958754501872281,0.617159956227555,1.0363119573107267,0.3998625961160218
22,0.3755612069505829,0.5555151124954825,0.9872646654148952,1.3428557235961318,0.480516811068619
23,0.13151393802368283,0.574441038144151,0.06300817563952976,1.1777428335824804,0.4379061067248995
24,0.26679047506485676,0.7904095287232781,0.14960638423822814,1.072353677806715,0.41034536582502423
25,0.30642082607693044,0.48961823084261136,0.03779728032393548,1.4082172322186,0.4964571675277023
26,0.981652295745312,0.8332477730879091,0.08992358866343231,0.7591455164655563,0.31304947453036025
27,0.8241043166762057,0.16481338400410606,0.568326401432345,1.1578193449008656,0.4315743888615835
28,0.6538565642685049,0.06483383993982317,0.3297195285429556,1.1602775443823328,0.4341111573363141
29,0.1826130579212507,0.018504673332987553,0.7474583385007615,1.0012529347680568,0.38987393504896184
30,0.06196316923591294,0.14942256832617362,0.06800438844269174,0.9990069162446089,0.38789057479285693
31,0.8164474111489813,0.7614625102160807,0.4106579683467372,0.6440407591044328,0.2726540088064715
32,0.140262753062391,0.7545314075060845,0.750799526006302,0.6964907886649164,0.2915107956383658
33,0.6032292196448197,0.4838653538579163,0.9337580604524814,0.9471393450172956,0.3725672844408271
34,0.38192560313975676,0.7817149068195053,0.49685233209235946,0.8471056689954437,0.34113712576801947
35,0.042454168300720685,0.28361120785163607,0.8765360232898927,1.1035433884814927,0.4182929714638801
36,0.30506681694690796,0.260952130233574,0.9130136966601827,1.2970253767716413,0.47082150388965116
37,0.3288645224574692,0.4401062647716808,0.43157246417487816,0.6584655341035459,0.27842294810475976
38,0.7364363430068248,0.7166523642793173,0.1685241833834339,0.7614931351723475,0.3130854371973102
39,0.09159012587083859,0.3669901234215205,0.32729426164425623,0.7111356386791409,0.2964153852270429
40,0.5424723085332465,0.1343291381707319,0.8595119628961384,1.0723370656003066,0.4097525508404497
41,0.5472052602793764,0.7074500807235293,0.8677234199887099,0.9269441079643428,0.3667614158004594
42,0.3304880900298266,0.06851657888576324,0.11788988809983325,1.1024465620084636,0.4193592361041095
43,0.060742072193499363,0.19066308565954715,0.9727034411124384,1.1188812845821845,0.4220660088800212
44,0.7262547043532216,0.6822100468732671,0.8605389945052982,0.7847974269500255,0.32013432855544055
45,0.6476992310146715,0.5756675735831406,0.41756707464471676,0.6907136076529287,0.2874425472134795
46,0.17312065092318718,0.47750520186964496,0.26336564861227607,0.8929254581338677,0.3556043217116225
47,0.4268689332749567,0.5300879175846057,0.05572637695759641,1.246215843778304,0.4565584509150096
48,0.4280649896675337,0.1314240518563371,0.3058352335307635,1.1791539172765617,0.43791212482253494
49,0.39665956648930345,0.26182166802200024,0.8093602614853241,1.1638881390856706,0.43536114102542345
50,0.4402569205276876,0.05793065187476165,0.39733312514139785,1.2083545094864179,0.44626341712927065
51,0.6729949287048927,0.36309129889433833,0.9875389825678227,0.8266509600166556,0.33495499315951893
52,0.7086643488888139,0.8549011256719365,0.0036091146931945817,0.8399453426490179,0.33853406714222245
53,0.6967331446593039,0.8562498767282101,0.11461967879388169,0.8898387792029145,0.3543366325377266
54,0.7786966575604091,0.1447489496271821,0.5718353305126664,1.1954017494242364,0.44155701743605413
55,0.4770786876679436,0.05108053391970013,0.7049359438085593,1.0981005228558116,0.4169542116541146
56,0.06614282741945321,0.25983044207447414,0.7007856263130469,1.0591192212235057,0.40483882739839183
57,0.4034720551734765,0.06133071636229459,0.7731987929907185,1.1365285536026597,0.42715705850006247
58,0.3516800956487207,0.6939130509977662,0.9484103611096719,1.2009375041294623,0.44494250041086414
59,0.6720851289649024,0.2856275946016985,0.2533216004479185,0.8616285713324761,0.34552825991888847
60,0.05050746892146807,0.1856385030474753,0.6090014208878907,1.0236229286756657,0.3947105834704847
61,0.646375423356111,0.29851201344331957,0.8082402316667529,0.968162799857069,0.3792879271844829
62,0.4237198092602771,0.9184262251644506,0.3465289914649542,1.1302426172297555,0.42581777575004365
63,0.6616464756398712,0.21067104735528164,0.26806940811992985,1.011177548127086,0.3907888481248566
