mode,seed,radius_m,adsorption_rate_s_inverse,settling_m_s,suspended,deposited,attached
single,300,5e-07,0.0,2.7249999999999996e-08,7371,821,0
single,301,5e-07,0.0,2.7249999999999996e-08,7370,822,0
single,302,5e-07,0.0,2.7249999999999996e-08,7400,792,0
single,303,5e-07,0.0,2.7249999999999996e-08,7392,800,0
single,304,5e-07,0.0,2.7249999999999996e-08,7374,818,0
single,305,5e-07,0.0,2.7249999999999996e-08,7436,756,0
single,306,5e-07,0.0,2.7249999999999996e-08,7378,814,0
single,307,5e-07,0.0,2.7249999999999996e-08,7386,806,0
single,308,5e-07,0.0,2.7249999999999996e-08,7393,799,0
single,309,5e-07,0.0,2.7249999999999996e-08,7364,828,0
single,310,5e-07,0.0,2.7249999999999996e-08,7388,804,0
single,311,5e-07,0.0,2.7249999999999996e-08,7414,778,0
single,312,5e-07,0.0,2.7249999999999996e-08,7382,810,0
single,313,5e-07,0.0,2.7249999999999996e-08,7404,788,0
single,314,5e-07,0.0,2.7249999999999996e-08,7356,836,0
single,315,5e-07,0.0,2.7249999999999996e-08,7305,887,0
larger_inert_proxy,300,5e-06,0.0,2.725e-06,0,8192,0
larger_inert_proxy,301,5e-06,0.0,2.725e-06,0,8192,0
larger_inert_proxy,302,5e-06,0.0,2.725e-06,0,8192,0
larger_inert_proxy,303,5e-06,0.0,2.725e-06,0,8192,0
larger_inert_proxy,304,5e-06,0.0,2.725e-06,0,8192,0
larger_inert_proxy,305,5e-06,0.0,2.725e-06,0,8192,0
larger_inert_proxy,306,5e-06,0.0,2.725e-06,0,8192,0
larger_inert_proxy,307,5e-06,0.0,2.725e-06,0,8192,0
larger_inert_proxy,308,5e-06,0.0,2.725e-06,0,8192,0
larger_inert_proxy,309,5e-06,0.0,2.725e-06,0,8192,0
larger_inert_proxy,310,5e-06,0.0,2.725e-06,0,8192,0
larger_inert_proxy,311,5e-06,0.0,2.725e-06,0,8192,0
larger_inert_proxy,312,5e-06,0.0,2.725e-06,0,8192,0
larger_inert_proxy,313,5e-06,0.0,2.725e-06,0,8192,0
larger_inert_proxy,314,5e-06,0.0,2.725e-06,0,8192,0
larger_inert_proxy,315,5e-06,0.0,2.725e-06,0,8192,0
adsorption_assumed,300,5e-07,0.0002777777777777778,2.7249999999999996e-08,2742,518,4932
adsorption_assumed,301,5e-07,0.0002777777777777778,2.7249999999999996e-08,2709,497,4986
adsorption_assumed,302,5e-07,0.0002777777777777778,2.7249999999999996e-08,2736,494,4962
adsorption_assumed,303,5e-07,0.0002777777777777778,2.7249999999999996e-08,2717,532,4943
adsorption_assumed,304,5e-07,0.0002777777777777778,2.7249999999999996e-08,2758,532,4902
adsorption_assumed,305,5e-07,0.0002777777777777778,2.7249999999999996e-08,2715,480,4997
adsorption_assumed,306,5e-07,0.0002777777777777778,2.7249999999999996e-08,2713,507,4972
adsorption_assumed,307,5e-07,0.0002777777777777778,2.7249999999999996e-08,2762,509,4921
adsorption_assumed,308,5e-07,0.0002777777777777778,2.7249999999999996e-08,2717,504,4971
adsorption_assumed,309,5e-07,0.0002777777777777778,2.7249999999999996e-08,2768,544,4880
adsorption_assumed,310,5e-07,0.0002777777777777778,2.7249999999999996e-08,2741,527,4924
adsorption_assumed,311,5e-07,0.0002777777777777778,2.7249999999999996e-08,2674,508,5010
adsorption_assumed,312,5e-07,0.0002777777777777778,2.7249999999999996e-08,2769,500,4923
adsorption_assumed,313,5e-07,0.0002777777777777778,2.7249999999999996e-08,2720,501,4971
adsorption_assumed,314,5e-07,0.0002777777777777778,2.7249999999999996e-08,2731,532,4929
adsorption_assumed,315,5e-07,0.0002777777777777778,2.7249999999999996e-08,2707,564,4921
