arm,cooling_K,survival,bootstrap95_low,bootstrap95_high
distilled_matched_null,0.0,1.0,1.0,1.0
distilled_matched_null,0.1,1.0,1.0,1.0
distilled_matched_null,0.2,1.0,1.0,1.0
distilled_matched_null,0.30000000000000004,1.0,1.0,1.0
distilled_matched_null,0.4,1.0,1.0,1.0
distilled_matched_null,0.5,1.0,1.0,1.0
distilled_matched_null,0.6000000000000001,1.0,1.0,1.0
distilled_matched_null,0.7000000000000001,1.0,1.0,1.0
distilled_matched_null,0.8,1.0,1.0,1.0
distilled_matched_null,0.9,1.0,1.0,1.0
distilled_matched_null,1.0,1.0,1.0,1.0
distilled_matched_null,1.1,1.0,1.0,1.0
distilled_matched_null,1.2000000000000002,1.0,1.0,1.0
distilled_matched_null,1.3,1.0,1.0,1.0
distilled_matched_null,1.4000000000000001,1.0,1.0,1.0
distilled_matched_null,1.5,1.0,1.0,1.0
distilled_matched_null,1.6,1.0,1.0,1.0
distilled_matched_null,1.7000000000000002,1.0,1.0,1.0
distilled_matched_null,1.8,1.0,1.0,1.0
distilled_matched_null,1.9000000000000001,1.0,1.0,1.0
distilled_matched_null,2.0,1.0,1.0,1.0
distilled_matched_null,2.1,1.0,1.0,1.0
distilled_matched_null,2.2,1.0,1.0,1.0
distilled_matched_null,2.3000000000000003,1.0,1.0,1.0
distilled_matched_null,2.4000000000000004,1.0,1.0,1.0
distilled_matched_null,2.5,1.0,1.0,1.0
distilled_matched_null,2.6,1.0,1.0,1.0
distilled_matched_null,2.7,1.0,1.0,1.0
distilled_matched_null,2.8000000000000003,1.0,1.0,1.0
distilled_matched_null,2.9000000000000004,1.0,1.0,1.0
distilled_matched_null,3.0,1.0,1.0,1.0
distilled_matched_null,3.1,1.0,1.0,1.0
distilled_matched_null,3.2,1.0,1.0,1.0
distilled_matched_null,3.3000000000000003,1.0,1.0,1.0
distilled_matched_null,3.4000000000000004,1.0,1.0,1.0
distilled_matched_null,3.5,1.0,1.0,1.0
distilled_matched_null,3.6,1.0,1.0,1.0
distilled_matched_null,3.7,1.0,1.0,1.0
distilled_matched_null,3.8000000000000003,1.0,1.0,1.0
distilled_matched_null,3.9000000000000004,1.0,1.0,1.0
distilled_matched_null,4.0,1.0,1.0,1.0
distilled_matched_null,4.1000000000000005,1.0,1.0,1.0
distilled_matched_null,4.2,1.0,1.0,1.0
distilled_matched_null,4.3,1.0,1.0,1.0
distilled_matched_null,4.4,0.9991319444444443,0.9973958333333334,1.0
distilled_matched_null,4.5,0.9982638888888888,0.9956597222222223,1.0
distilled_matched_null,4.6000000000000005,0.9982638888888888,0.9956597222222223,1.0
distilled_matched_null,4.7,0.9965277777777778,0.9921875,1.0
distilled_matched_null,4.800000000000001,0.9930555555555557,0.9861111111111112,0.998263888888889
distilled_matched_null,4.9,0.9930555555555557,0.9861111111111112,0.998263888888889
distilled_matched_null,5.0,0.9913194444444445,0.984375,0.9973958333333334
distilled_matched_null,5.1000000000000005,0.990451388888889,0.9835069444444445,0.9965277777777777
distilled_matched_null,5.2,0.990451388888889,0.9835069444444445,0.9965277777777777
distilled_matched_null,5.300000000000001,0.9878472222222222,0.9774305555555555,0.9956597222222223
distilled_matched_null,5.4,0.9852430555555555,0.974826388888889,0.9939236111111112
distilled_matched_null,5.5,0.984375,0.9730902777777777,0.9939236111111112
distilled_matched_null,5.6000000000000005,0.9809027777777778,0.96875,0.9913194444444445
distilled_matched_null,5.7,0.9782986111111113,0.9661458333333334,0.9887152777777778
distilled_matched_null,5.800000000000001,0.9756944444444446,0.9635416666666665,0.9869791666666666
distilled_matched_null,5.9,0.9748263888888892,0.9618055555555555,0.9861111111111113
distilled_matched_null,6.0,0.9678819444444443,0.9522352430555553,0.9817708333333334
distilled_matched_null,6.1000000000000005,0.9618055555555557,0.945290798611111,0.9774305555555555
distilled_matched_null,6.2,0.956597222222222,0.9409722222222222,0.970486111111111
distilled_matched_null,6.300000000000001,0.9479166666666665,0.9340277777777778,0.9618055555555555
distilled_matched_null,6.4,0.9427083333333334,0.9296875,0.9557291666666666
distilled_matched_null,6.5,0.9366319444444445,0.9201388888888888,0.9531249999999999
distilled_matched_null,6.6000000000000005,0.9244791666666666,0.9027560763888888,0.943576388888889
distilled_matched_null,6.7,0.9114583333333331,0.8819444444444445,0.9357638888888888
distilled_matched_null,6.800000000000001,0.9010416666666665,0.8697916666666666,0.9262152777777778
distilled_matched_null,6.9,0.8854166666666665,0.8532986111111112,0.9123263888888888
distilled_matched_null,7.0,0.8671875,0.8298611111111112,0.8993272569444445
distilled_matched_null,7.1000000000000005,0.8541666666666669,0.8194444444444445,0.8862847222222223
distilled_matched_null,7.2,0.8298611111111112,0.7942708333333331,0.8637369791666666
distilled_matched_null,7.300000000000001,0.8038194444444443,0.7699652777777778,0.8350911458333333
distilled_matched_null,7.4,0.7708333333333334,0.7274305555555557,0.8107638888888888
distilled_matched_null,7.5,0.7413194444444443,0.7039930555555557,0.7760416666666666
distilled_matched_null,7.6000000000000005,0.7109375,0.6744574652777777,0.7447916666666666
distilled_matched_null,7.7,0.6710069444444445,0.6327907986111111,0.7065972222222222
distilled_matched_null,7.800000000000001,0.6328125,0.5920138888888888,0.670138888888889
distilled_matched_null,7.9,0.5946180555555555,0.552951388888889,0.6336805555555556
distilled_matched_null,8.0,0.5460069444444445,0.5069444444444444,0.5859374999999999
distilled_matched_null,8.1,0.48871527777777785,0.44965277777777785,0.5269097222222222
distilled_matched_null,8.200000000000001,0.4348958333333334,0.3984375,0.47048611111111116
distilled_matched_null,8.3,0.3776041666666667,0.3376736111111111,0.4166666666666666
distilled_matched_null,8.4,0.3133680555555556,0.2760416666666667,0.35503472222222215
distilled_matched_null,8.5,0.26996527777777773,0.23001302083333333,0.3107638888888889
distilled_matched_null,8.6,0.21788194444444445,0.18142361111111113,0.2569444444444445
distilled_matched_null,8.700000000000001,0.17534722222222224,0.1388888888888889,0.21529947916666659
distilled_matched_null,8.8,0.13802083333333334,0.1076388888888889,0.17189670138888877
distilled_matched_null,8.9,0.09548611111111112,0.07031250000000001,0.12241753472222212
distilled_matched_null,9.0,0.07118055555555557,0.05121527777777778,0.09461805555555557
distilled_matched_null,9.1,0.046875,0.03298611111111111,0.0625
distilled_matched_null,9.200000000000001,0.032118055555555546,0.022569444444444444,0.044270833333333336
distilled_matched_null,9.3,0.015625,0.006944444444444444,0.02517361111111111
distilled_matched_null,9.4,0.012152777777777776,0.005208333333333333,0.019965277777777776
distilled_matched_null,9.5,0.006076388888888889,0.0008680555555555555,0.013888888888888888
distilled_matched_null,9.600000000000001,0.003472222222222222,0.0,0.00954861111111111
distilled_matched_null,9.700000000000001,0.003472222222222222,0.0,0.00954861111111111
distilled_matched_null,9.8,0.001736111111111111,0.0,0.004340277777777777
distilled_matched_null,9.9,0.001736111111111111,0.0,0.004340277777777777
distilled_matched_null,10.0,0.0008680555555555555,0.0,0.0026041666666666665
distilled_matched_null,10.100000000000001,0.0,0.0,0.0
distilled_matched_null,10.200000000000001,0.0,0.0,0.0
distilled_matched_null,10.3,0.0,0.0,0.0
distilled_matched_null,10.4,0.0,0.0,0.0
distilled_matched_null,10.5,0.0,0.0,0.0
distilled_matched_null,10.600000000000001,0.0,0.0,0.0
distilled_matched_null,10.700000000000001,0.0,0.0,0.0
distilled_matched_null,10.8,0.0,0.0,0.0
distilled_matched_null,10.9,0.0,0.0,0.0
distilled_matched_null,11.0,0.0,0.0,0.0
distilled_matched_null,11.100000000000001,0.0,0.0,0.0
distilled_matched_null,11.200000000000001,0.0,0.0,0.0
distilled_matched_null,11.3,0.0,0.0,0.0
distilled_matched_null,11.4,0.0,0.0,0.0
distilled_matched_null,11.5,0.0,0.0,0.0
distilled_matched_null,11.600000000000001,0.0,0.0,0.0
distilled_matched_null,11.700000000000001,0.0,0.0,0.0
distilled_matched_null,11.8,0.0,0.0,0.0
distilled_matched_null,11.9,0.0,0.0,0.0
distilled_matched_null,12.0,0.0,0.0,0.0
filtered_matched_null,0.0,1.0,1.0,1.0
filtered_matched_null,0.1,1.0,1.0,1.0
filtered_matched_null,0.2,1.0,1.0,1.0
filtered_matched_null,0.30000000000000004,1.0,1.0,1.0
filtered_matched_null,0.4,1.0,1.0,1.0
filtered_matched_null,0.5,1.0,1.0,1.0
filtered_matched_null,0.6000000000000001,1.0,1.0,1.0
filtered_matched_null,0.7000000000000001,1.0,1.0,1.0
filtered_matched_null,0.8,1.0,1.0,1.0
filtered_matched_null,0.9,1.0,1.0,1.0
filtered_matched_null,1.0,1.0,1.0,1.0
filtered_matched_null,1.1,1.0,1.0,1.0
filtered_matched_null,1.2000000000000002,1.0,1.0,1.0
filtered_matched_null,1.3,1.0,1.0,1.0
filtered_matched_null,1.4000000000000001,1.0,1.0,1.0
filtered_matched_null,1.5,1.0,1.0,1.0
filtered_matched_null,1.6,1.0,1.0,1.0
filtered_matched_null,1.7000000000000002,1.0,1.0,1.0
filtered_matched_null,1.8,1.0,1.0,1.0
filtered_matched_null,1.9000000000000001,1.0,1.0,1.0
filtered_matched_null,2.0,1.0,1.0,1.0
filtered_matched_null,2.1,1.0,1.0,1.0
filtered_matched_null,2.2,1.0,1.0,1.0
filtered_matched_null,2.3000000000000003,1.0,1.0,1.0
filtered_matched_null,2.4000000000000004,1.0,1.0,1.0
filtered_matched_null,2.5,1.0,1.0,1.0
filtered_matched_null,2.6,1.0,1.0,1.0
filtered_matched_null,2.7,1.0,1.0,1.0
filtered_matched_null,2.8000000000000003,1.0,1.0,1.0
filtered_matched_null,2.9000000000000004,1.0,1.0,1.0
filtered_matched_null,3.0,1.0,1.0,1.0
filtered_matched_null,3.1,1.0,1.0,1.0
filtered_matched_null,3.2,1.0,1.0,1.0
filtered_matched_null,3.3000000000000003,1.0,1.0,1.0
filtered_matched_null,3.4000000000000004,1.0,1.0,1.0
filtered_matched_null,3.5,0.9991319444444445,0.9973958333333334,1.0
filtered_matched_null,3.6,0.9991319444444445,0.9973958333333334,1.0
filtered_matched_null,3.7,0.998263888888889,0.9956597222222223,1.0
filtered_matched_null,3.8000000000000003,0.998263888888889,0.9956597222222223,1.0
filtered_matched_null,3.9000000000000004,0.998263888888889,0.9956597222222223,1.0
filtered_matched_null,4.0,0.998263888888889,0.9956597222222223,1.0
filtered_matched_null,4.1000000000000005,0.998263888888889,0.9956597222222223,1.0
filtered_matched_null,4.2,0.998263888888889,0.9956597222222223,1.0
filtered_matched_null,4.3,0.9973958333333334,0.9947916666666666,1.0
filtered_matched_null,4.4,0.9973958333333334,0.9947916666666666,1.0
filtered_matched_null,4.5,0.9947916666666669,0.990451388888889,0.998263888888889
filtered_matched_null,4.6000000000000005,0.9947916666666669,0.990451388888889,0.998263888888889
filtered_matched_null,4.7,0.9947916666666669,0.990451388888889,0.998263888888889
filtered_matched_null,4.800000000000001,0.9939236111111112,0.9878472222222223,0.998263888888889
filtered_matched_null,4.9,0.9930555555555557,0.9869791666666666,0.9982638888888888
filtered_matched_null,5.0,0.9921875000000001,0.9861111111111112,0.9973958333333334
filtered_matched_null,5.1000000000000005,0.990451388888889,0.9835069444444443,0.9965277777777778
filtered_matched_null,5.2,0.9895833333333335,0.9817708333333335,0.9956597222222223
filtered_matched_null,5.300000000000001,0.9852430555555557,0.9765625,0.9930555555555557
filtered_matched_null,5.4,0.982638888888889,0.973090277777778,0.9913194444444443
filtered_matched_null,5.5,0.9817708333333335,0.9722222222222223,0.990451388888889
filtered_matched_null,5.6000000000000005,0.9800347222222223,0.9713541666666666,0.9887152777777778
filtered_matched_null,5.7,0.9774305555555555,0.9678819444444445,0.9869791666666665
filtered_matched_null,5.800000000000001,0.9722222222222222,0.9626736111111112,0.9817708333333334
filtered_matched_null,5.9,0.9687500000000001,0.9574652777777778,0.9791666666666666
filtered_matched_null,6.0,0.9635416666666665,0.9513888888888887,0.9756944444444443
filtered_matched_null,6.1000000000000005,0.9574652777777777,0.9435763888888887,0.9704861111111112
filtered_matched_null,6.2,0.9453125,0.9314236111111112,0.9583333333333334
filtered_matched_null,6.300000000000001,0.934027777777778,0.9192708333333334,0.9479166666666666
filtered_matched_null,6.4,0.9262152777777777,0.9131944444444443,0.9375217013888889
filtered_matched_null,6.5,0.9131944444444445,0.896701388888889,0.9296874999999999
filtered_matched_null,6.6000000000000005,0.896701388888889,0.8810763888888888,0.9114583333333334
filtered_matched_null,6.7,0.8888888888888888,0.875,0.9019097222222222
filtered_matched_null,6.800000000000001,0.876736111111111,0.8619791666666666,0.890625
filtered_matched_null,6.9,0.8567708333333334,0.8411458333333335,0.8697916666666666
filtered_matched_null,7.0,0.84375,0.8289930555555557,0.8576388888888888
filtered_matched_null,7.1000000000000005,0.8263888888888888,0.8116319444444445,0.8420138888888888
filtered_matched_null,7.2,0.8012152777777776,0.7803819444444443,0.8203342013888889
filtered_matched_null,7.300000000000001,0.7656249999999999,0.740451388888889,0.7907986111111112
filtered_matched_null,7.4,0.7326388888888888,0.7039930555555557,0.7621527777777778
filtered_matched_null,7.5,0.6987847222222222,0.6684027777777778,0.7309027777777778
filtered_matched_null,7.6000000000000005,0.6597222222222222,0.6258680555555556,0.6944444444444445
filtered_matched_null,7.7,0.6189236111111112,0.5876519097222221,0.651931423611111
filtered_matched_null,7.800000000000001,0.5798611111111112,0.5460069444444444,0.6171875
filtered_matched_null,7.9,0.5243055555555555,0.4869791666666667,0.5642578125
filtered_matched_null,8.0,0.4678819444444445,0.43402777777777785,0.5060763888888888
filtered_matched_null,8.1,0.4288194444444444,0.390625,0.4713541666666667
filtered_matched_null,8.200000000000001,0.375,0.33767361111111116,0.4106119791666666
filtered_matched_null,8.3,0.32552083333333337,0.2881727430555555,0.36284722222222215
filtered_matched_null,8.4,0.2786458333333333,0.24565972222222224,0.3107638888888889
filtered_matched_null,8.5,0.24131944444444445,0.20657552083333333,0.2760416666666667
filtered_matched_null,8.6,0.19791666666666666,0.16666666666666666,0.23263888888888887
filtered_matched_null,8.700000000000001,0.15625,0.13194444444444445,0.18489583333333334
filtered_matched_null,8.8,0.1189236111111111,0.09893663194444442,0.1423828124999999
filtered_matched_null,8.9,0.0954861111111111,0.078125,0.11545138888888888
filtered_matched_null,9.0,0.06857638888888888,0.052083333333333336,0.08593749999999999
filtered_matched_null,9.1,0.04861111111111111,0.03298611111111111,0.06684027777777778
filtered_matched_null,9.200000000000001,0.033854166666666664,0.020833333333333332,0.05034722222222222
filtered_matched_null,9.3,0.019965277777777776,0.009548611111111112,0.03472222222222222
filtered_matched_null,9.4,0.01302083333333333,0.005208333333333333,0.0234375
filtered_matched_null,9.5,0.008680555555555556,0.003472222222222222,0.015624999999999998
filtered_matched_null,9.600000000000001,0.005208333333333333,0.0,0.012152777777777778
filtered_matched_null,9.700000000000001,0.003472222222222222,0.0,0.006944444444444445
filtered_matched_null,9.8,0.0026041666666666665,0.0,0.006076388888888889
filtered_matched_null,9.9,0.0026041666666666665,0.0,0.006076388888888889
filtered_matched_null,10.0,0.0008680555555555555,0.0,0.0026041666666666665
filtered_matched_null,10.100000000000001,0.0,0.0,0.0
filtered_matched_null,10.200000000000001,0.0,0.0,0.0
filtered_matched_null,10.3,0.0,0.0,0.0
filtered_matched_null,10.4,0.0,0.0,0.0
filtered_matched_null,10.5,0.0,0.0,0.0
filtered_matched_null,10.600000000000001,0.0,0.0,0.0
filtered_matched_null,10.700000000000001,0.0,0.0,0.0
filtered_matched_null,10.8,0.0,0.0,0.0
filtered_matched_null,10.9,0.0,0.0,0.0
filtered_matched_null,11.0,0.0,0.0,0.0
filtered_matched_null,11.100000000000001,0.0,0.0,0.0
filtered_matched_null,11.200000000000001,0.0,0.0,0.0
filtered_matched_null,11.3,0.0,0.0,0.0
filtered_matched_null,11.4,0.0,0.0,0.0
filtered_matched_null,11.5,0.0,0.0,0.0
filtered_matched_null,11.600000000000001,0.0,0.0,0.0
filtered_matched_null,11.700000000000001,0.0,0.0,0.0
filtered_matched_null,11.8,0.0,0.0,0.0
filtered_matched_null,11.9,0.0,0.0,0.0
filtered_matched_null,12.0,0.0,0.0,0.0
heated_matched_null,0.0,1.0,1.0,1.0
heated_matched_null,0.1,1.0,1.0,1.0
heated_matched_null,0.2,1.0,1.0,1.0
heated_matched_null,0.30000000000000004,1.0,1.0,1.0
heated_matched_null,0.4,1.0,1.0,1.0
heated_matched_null,0.5,1.0,1.0,1.0
heated_matched_null,0.6000000000000001,1.0,1.0,1.0
heated_matched_null,0.7000000000000001,1.0,1.0,1.0
heated_matched_null,0.8,1.0,1.0,1.0
heated_matched_null,0.9,1.0,1.0,1.0
heated_matched_null,1.0,1.0,1.0,1.0
heated_matched_null,1.1,1.0,1.0,1.0
heated_matched_null,1.2000000000000002,1.0,1.0,1.0
heated_matched_null,1.3,1.0,1.0,1.0
heated_matched_null,1.4000000000000001,1.0,1.0,1.0
heated_matched_null,1.5,1.0,1.0,1.0
heated_matched_null,1.6,1.0,1.0,1.0
heated_matched_null,1.7000000000000002,1.0,1.0,1.0
heated_matched_null,1.8,1.0,1.0,1.0
heated_matched_null,1.9000000000000001,0.9991319444444445,0.9973958333333334,1.0
heated_matched_null,2.0,0.9991319444444445,0.9973958333333334,1.0
heated_matched_null,2.1,0.9991319444444445,0.9973958333333334,1.0
heated_matched_null,2.2,0.9991319444444445,0.9973958333333334,1.0
heated_matched_null,2.3000000000000003,0.998263888888889,0.9956597222222223,1.0
heated_matched_null,2.4000000000000004,0.998263888888889,0.9956597222222223,1.0
heated_matched_null,2.5,0.998263888888889,0.9956597222222223,1.0
heated_matched_null,2.6,0.998263888888889,0.9956597222222223,1.0
heated_matched_null,2.7,0.998263888888889,0.9956597222222223,1.0
heated_matched_null,2.8000000000000003,0.998263888888889,0.9956597222222223,1.0
heated_matched_null,2.9000000000000004,0.998263888888889,0.9956597222222223,1.0
heated_matched_null,3.0,0.998263888888889,0.9956597222222223,1.0
heated_matched_null,3.1,0.998263888888889,0.9956597222222223,1.0
heated_matched_null,3.2,0.998263888888889,0.9956597222222223,1.0
heated_matched_null,3.3000000000000003,0.998263888888889,0.9956597222222223,1.0
heated_matched_null,3.4000000000000004,0.998263888888889,0.9956597222222223,1.0
heated_matched_null,3.5,0.998263888888889,0.9956597222222223,1.0
heated_matched_null,3.6,0.998263888888889,0.9956597222222223,1.0
heated_matched_null,3.7,0.998263888888889,0.9956597222222223,1.0
heated_matched_null,3.8000000000000003,0.998263888888889,0.9956597222222223,1.0
heated_matched_null,3.9000000000000004,0.9965277777777778,0.9939236111111112,0.9991319444444445
heated_matched_null,4.0,0.9965277777777778,0.9939236111111112,0.9991319444444445
heated_matched_null,4.1000000000000005,0.9947916666666666,0.9921875,0.9973958333333335
heated_matched_null,4.2,0.9939236111111112,0.9895833333333335,0.9973958333333335
heated_matched_null,4.3,0.9939236111111112,0.9895833333333335,0.9973958333333335
heated_matched_null,4.4,0.9939236111111112,0.9895833333333335,0.9973958333333335
heated_matched_null,4.5,0.9921875,0.9878472222222222,0.9965277777777778
heated_matched_null,4.6000000000000005,0.9921875,0.9878472222222222,0.9965277777777778
heated_matched_null,4.7,0.9913194444444445,0.9869791666666666,0.9947916666666669
heated_matched_null,4.800000000000001,0.9904513888888888,0.9869791666666665,0.9939236111111112
heated_matched_null,4.9,0.9887152777777777,0.984375,0.9930555555555557
heated_matched_null,5.0,0.9878472222222222,0.9835069444444443,0.9921875000000001
heated_matched_null,5.1000000000000005,0.9869791666666666,0.9826388888888887,0.9921874999999999
heated_matched_null,5.2,0.9852430555555555,0.9782986111111112,0.9913194444444445
heated_matched_null,5.300000000000001,0.9835069444444443,0.9756944444444443,0.990451388888889
heated_matched_null,5.4,0.9826388888888887,0.9748263888888887,0.9895833333333334
heated_matched_null,5.5,0.9817708333333331,0.9730902777777778,0.9895833333333334
heated_matched_null,5.6000000000000005,0.9817708333333331,0.9730902777777778,0.9895833333333334
heated_matched_null,5.7,0.980034722222222,0.9713541666666666,0.9878472222222222
heated_matched_null,5.800000000000001,0.9748263888888888,0.9635416666666665,0.984375
heated_matched_null,5.9,0.9678819444444443,0.9557291666666669,0.9791666666666665
heated_matched_null,6.0,0.9644097222222222,0.953125,0.9756944444444445
heated_matched_null,6.1000000000000005,0.9600694444444446,0.9496527777777777,0.9713541666666669
heated_matched_null,6.2,0.9522569444444445,0.9401041666666665,0.9661458333333334
heated_matched_null,6.300000000000001,0.9505208333333334,0.9375,0.9644097222222223
heated_matched_null,6.4,0.9427083333333331,0.9279513888888887,0.959201388888889
heated_matched_null,6.5,0.9314236111111112,0.9114583333333334,0.951388888888889
heated_matched_null,6.6000000000000005,0.9149305555555557,0.8966796874999998,0.9331597222222223
heated_matched_null,6.7,0.9045138888888888,0.884548611111111,0.9236328125
heated_matched_null,6.800000000000001,0.8940972222222223,0.8741102430555554,0.9149305555555557
heated_matched_null,6.9,0.8776041666666666,0.8550130208333333,0.8984375000000001
heated_matched_null,7.0,0.8585069444444445,0.8324652777777778,0.8819444444444445
heated_matched_null,7.1000000000000005,0.8368055555555555,0.8064236111111112,0.8654513888888888
heated_matched_null,7.2,0.8168402777777778,0.7864366319444442,0.847222222222222
heated_matched_null,7.300000000000001,0.7899305555555555,0.7569444444444445,0.822048611111111
heated_matched_null,7.4,0.7578125,0.7169921874999999,0.7960069444444445
heated_matched_null,7.5,0.7152777777777778,0.6701171874999999,0.7586805555555555
heated_matched_null,7.6000000000000005,0.685763888888889,0.6345486111111112,0.734375
heated_matched_null,7.7,0.6527777777777777,0.6041666666666666,0.6988064236111111
heated_matched_null,7.800000000000001,0.6102430555555555,0.5572916666666666,0.6597222222222222
heated_matched_null,7.9,0.5685763888888888,0.5182291666666666,0.6137369791666666
heated_matched_null,8.0,0.5095486111111112,0.45746527777777785,0.5572916666666666
heated_matched_null,8.1,0.4713541666666667,0.4157769097222222,0.5260633680555555
heated_matched_null,8.200000000000001,0.4210069444444444,0.3680555555555556,0.47050781249999996
heated_matched_null,8.3,0.3767361111111111,0.32204861111111116,0.42968750000000006
heated_matched_null,8.4,0.3012152777777778,0.2517361111111111,0.3532986111111111
heated_matched_null,8.5,0.2612847222222222,0.21440972222222224,0.30815972222222227
heated_matched_null,8.6,0.2109375,0.16577690972222223,0.2552083333333333
heated_matched_null,8.700000000000001,0.16579861111111113,0.12586805555555555,0.206618923611111
heated_matched_null,8.8,0.13541666666666666,0.0998263888888889,0.17274305555555558
heated_matched_null,8.9,0.10590277777777779,0.07463107638888887,0.13715277777777776
heated_matched_null,9.0,0.07899305555555557,0.052083333333333336,0.10763888888888888
heated_matched_null,9.1,0.0581597222222222,0.035590277777777776,0.08072916666666667
heated_matched_null,9.200000000000001,0.04079861111111112,0.02170138888888889,0.06336805555555554
heated_matched_null,9.3,0.030381944444444444,0.015624999999999998,0.049479166666666664
heated_matched_null,9.4,0.018229166666666668,0.00954861111111111,0.02690972222222222
heated_matched_null,9.5,0.010416666666666666,0.003472222222222222,0.018229166666666668
heated_matched_null,9.600000000000001,0.0078125,0.0026041666666666665,0.013888888888888888
heated_matched_null,9.700000000000001,0.005208333333333333,0.0008680555555555555,0.011284722222222222
heated_matched_null,9.8,0.0026041666666666665,0.0,0.005208333333333333
heated_matched_null,9.9,0.0,0.0,0.0
heated_matched_null,10.0,0.0,0.0,0.0
heated_matched_null,10.100000000000001,0.0,0.0,0.0
heated_matched_null,10.200000000000001,0.0,0.0,0.0
heated_matched_null,10.3,0.0,0.0,0.0
heated_matched_null,10.4,0.0,0.0,0.0
heated_matched_null,10.5,0.0,0.0,0.0
heated_matched_null,10.600000000000001,0.0,0.0,0.0
heated_matched_null,10.700000000000001,0.0,0.0,0.0
heated_matched_null,10.8,0.0,0.0,0.0
heated_matched_null,10.9,0.0,0.0,0.0
heated_matched_null,11.0,0.0,0.0,0.0
heated_matched_null,11.100000000000001,0.0,0.0,0.0
heated_matched_null,11.200000000000001,0.0,0.0,0.0
heated_matched_null,11.3,0.0,0.0,0.0
heated_matched_null,11.4,0.0,0.0,0.0
heated_matched_null,11.5,0.0,0.0,0.0
heated_matched_null,11.600000000000001,0.0,0.0,0.0
heated_matched_null,11.700000000000001,0.0,0.0,0.0
heated_matched_null,11.8,0.0,0.0,0.0
heated_matched_null,11.9,0.0,0.0,0.0
heated_matched_null,12.0,0.0,0.0,0.0
boiled_matched_null,0.0,1.0,1.0,1.0
boiled_matched_null,0.1,1.0,1.0,1.0
boiled_matched_null,0.2,1.0,1.0,1.0
boiled_matched_null,0.30000000000000004,1.0,1.0,1.0
boiled_matched_null,0.4,1.0,1.0,1.0
boiled_matched_null,0.5,1.0,1.0,1.0
boiled_matched_null,0.6000000000000001,1.0,1.0,1.0
boiled_matched_null,0.7000000000000001,1.0,1.0,1.0
boiled_matched_null,0.8,1.0,1.0,1.0
boiled_matched_null,0.9,1.0,1.0,1.0
boiled_matched_null,1.0,1.0,1.0,1.0
boiled_matched_null,1.1,1.0,1.0,1.0
boiled_matched_null,1.2000000000000002,1.0,1.0,1.0
boiled_matched_null,1.3,1.0,1.0,1.0
boiled_matched_null,1.4000000000000001,1.0,1.0,1.0
boiled_matched_null,1.5,1.0,1.0,1.0
boiled_matched_null,1.6,1.0,1.0,1.0
boiled_matched_null,1.7000000000000002,1.0,1.0,1.0
boiled_matched_null,1.8,1.0,1.0,1.0
boiled_matched_null,1.9000000000000001,1.0,1.0,1.0
boiled_matched_null,2.0,1.0,1.0,1.0
boiled_matched_null,2.1,1.0,1.0,1.0
boiled_matched_null,2.2,1.0,1.0,1.0
boiled_matched_null,2.3000000000000003,1.0,1.0,1.0
boiled_matched_null,2.4000000000000004,1.0,1.0,1.0
boiled_matched_null,2.5,1.0,1.0,1.0
boiled_matched_null,2.6,1.0,1.0,1.0
boiled_matched_null,2.7,1.0,1.0,1.0
boiled_matched_null,2.8000000000000003,1.0,1.0,1.0
boiled_matched_null,2.9000000000000004,1.0,1.0,1.0
boiled_matched_null,3.0,1.0,1.0,1.0
boiled_matched_null,3.1,1.0,1.0,1.0
boiled_matched_null,3.2,1.0,1.0,1.0
boiled_matched_null,3.3000000000000003,1.0,1.0,1.0
boiled_matched_null,3.4000000000000004,1.0,1.0,1.0
boiled_matched_null,3.5,0.9991319444444445,0.9973958333333334,1.0
boiled_matched_null,3.6,0.9991319444444445,0.9973958333333334,1.0
boiled_matched_null,3.7,0.9991319444444445,0.9973958333333334,1.0
boiled_matched_null,3.8000000000000003,0.9991319444444445,0.9973958333333334,1.0
boiled_matched_null,3.9000000000000004,0.9991319444444445,0.9973958333333334,1.0
boiled_matched_null,4.0,0.9991319444444445,0.9973958333333334,1.0
boiled_matched_null,4.1000000000000005,0.9982638888888888,0.9956597222222223,1.0
boiled_matched_null,4.2,0.9982638888888888,0.9956597222222223,1.0
boiled_matched_null,4.3,0.9973958333333334,0.9947916666666666,1.0
boiled_matched_null,4.4,0.9965277777777778,0.9921875,1.0
boiled_matched_null,4.5,0.9956597222222222,0.9913194444444443,0.9991319444444445
boiled_matched_null,4.6000000000000005,0.9947916666666666,0.990451388888889,0.998263888888889
boiled_matched_null,4.7,0.9921875,0.9861111111111113,0.9973958333333334
boiled_matched_null,4.800000000000001,0.9921875,0.9861111111111113,0.9973958333333334
boiled_matched_null,4.9,0.9913194444444445,0.9852430555555555,0.9965277777777778
boiled_matched_null,5.0,0.9895833333333334,0.982638888888889,0.9956597222222223
boiled_matched_null,5.1000000000000005,0.9878472222222222,0.9800347222222223,0.9947916666666669
boiled_matched_null,5.2,0.9878472222222222,0.9800347222222223,0.9947916666666669
boiled_matched_null,5.300000000000001,0.9835069444444445,0.9739583333333334,0.9921874999999999
boiled_matched_null,5.4,0.9817708333333334,0.9704861111111113,0.9913194444444445
boiled_matched_null,5.5,0.9800347222222223,0.9696180555555555,0.9904513888888888
boiled_matched_null,5.6000000000000005,0.9774305555555557,0.9652777777777778,0.9887152777777778
boiled_matched_null,5.7,0.9713541666666666,0.9600477430555554,0.9835069444444443
boiled_matched_null,5.800000000000001,0.9661458333333334,0.9548611111111112,0.9774305555555557
boiled_matched_null,5.9,0.9618055555555555,0.9479166666666669,0.9756944444444445
boiled_matched_null,6.0,0.9583333333333334,0.943576388888889,0.9730902777777778
boiled_matched_null,6.1000000000000005,0.9513888888888888,0.935763888888889,0.9678819444444445
boiled_matched_null,6.2,0.9487847222222222,0.9331380208333331,0.9661458333333331
boiled_matched_null,6.300000000000001,0.940972222222222,0.923611111111111,0.9583333333333331
boiled_matched_null,6.4,0.9340277777777777,0.9157986111111112,0.951388888888889
boiled_matched_null,6.5,0.9244791666666665,0.9079861111111112,0.9392361111111108
boiled_matched_null,6.6000000000000005,0.90625,0.888888888888889,0.921875
boiled_matched_null,6.7,0.8914930555555555,0.8741319444444445,0.9088541666666666
boiled_matched_null,6.800000000000001,0.875,0.8541666666666669,0.8967013888888888
boiled_matched_null,6.9,0.8628472222222222,0.8411458333333334,0.8854383680555556
boiled_matched_null,7.0,0.8402777777777778,0.8159722222222222,0.8620008680555556
boiled_matched_null,7.1000000000000005,0.8220486111111112,0.7942708333333334,0.8480902777777778
boiled_matched_null,7.2,0.8020833333333331,0.7760416666666666,0.8289930555555555
boiled_matched_null,7.300000000000001,0.771701388888889,0.7447916666666669,0.7986111111111112
boiled_matched_null,7.4,0.7421875000000001,0.7100694444444443,0.7743055555555555
boiled_matched_null,7.5,0.7118055555555557,0.6779513888888888,0.7439453125
boiled_matched_null,7.6000000000000005,0.6736111111111112,0.6380208333333334,0.7083333333333334
boiled_matched_null,7.7,0.6440972222222222,0.6085069444444445,0.6796875
boiled_matched_null,7.800000000000001,0.6050347222222222,0.5633680555555556,0.6440972222222222
boiled_matched_null,7.9,0.5642361111111112,0.5208116319444445,0.6041666666666666
boiled_matched_null,8.0,0.513888888888889,0.4713541666666667,0.5590277777777777
boiled_matched_null,8.1,0.46875,0.4296875,0.513888888888889
boiled_matched_null,8.200000000000001,0.4036458333333333,0.36284722222222227,0.44878472222222215
boiled_matched_null,8.3,0.34982638888888884,0.3098958333333333,0.3993055555555555
boiled_matched_null,8.4,0.30468749999999994,0.2690972222222222,0.3463541666666667
boiled_matched_null,8.5,0.25173611111111116,0.21961805555555558,0.28472222222222227
boiled_matched_null,8.6,0.20225694444444445,0.1762152777777778,0.230056423611111
boiled_matched_null,8.700000000000001,0.1605902777777778,0.1345486111111111,0.18663194444444445
boiled_matched_null,8.8,0.11805555555555557,0.09720052083333332,0.13975694444444445
boiled_matched_null,8.9,0.09375,0.07291666666666667,0.11458333333333333
boiled_matched_null,9.0,0.07291666666666667,0.05642361111111111,0.08940972222222222
boiled_matched_null,9.1,0.05034722222222222,0.038172743055555555,0.06510416666666667
boiled_matched_null,9.200000000000001,0.036458333333333336,0.02170138888888889,0.05381944444444445
boiled_matched_null,9.3,0.0234375,0.012152777777777778,0.03559027777777778
boiled_matched_null,9.4,0.016493055555555556,0.006944444444444444,0.02866753472222211
boiled_matched_null,9.5,0.007812499999999999,0.001736111111111111,0.014756944444444446
boiled_matched_null,9.600000000000001,0.004340277777777777,0.0008680555555555555,0.008680555555555554
boiled_matched_null,9.700000000000001,0.0026041666666666665,0.0,0.005208333333333333
boiled_matched_null,9.8,0.0,0.0,0.0
boiled_matched_null,9.9,0.0,0.0,0.0
boiled_matched_null,10.0,0.0,0.0,0.0
boiled_matched_null,10.100000000000001,0.0,0.0,0.0
boiled_matched_null,10.200000000000001,0.0,0.0,0.0
boiled_matched_null,10.3,0.0,0.0,0.0
boiled_matched_null,10.4,0.0,0.0,0.0
boiled_matched_null,10.5,0.0,0.0,0.0
boiled_matched_null,10.600000000000001,0.0,0.0,0.0
boiled_matched_null,10.700000000000001,0.0,0.0,0.0
boiled_matched_null,10.8,0.0,0.0,0.0
boiled_matched_null,10.9,0.0,0.0,0.0
boiled_matched_null,11.0,0.0,0.0,0.0
boiled_matched_null,11.100000000000001,0.0,0.0,0.0
boiled_matched_null,11.200000000000001,0.0,0.0,0.0
boiled_matched_null,11.3,0.0,0.0,0.0
boiled_matched_null,11.4,0.0,0.0,0.0
boiled_matched_null,11.5,0.0,0.0,0.0
boiled_matched_null,11.600000000000001,0.0,0.0,0.0
boiled_matched_null,11.700000000000001,0.0,0.0,0.0
boiled_matched_null,11.8,0.0,0.0,0.0
boiled_matched_null,11.9,0.0,0.0,0.0
boiled_matched_null,12.0,0.0,0.0,0.0
untreated_matched_null,0.0,1.0,1.0,1.0
untreated_matched_null,0.1,1.0,1.0,1.0
untreated_matched_null,0.2,1.0,1.0,1.0
untreated_matched_null,0.30000000000000004,1.0,1.0,1.0
untreated_matched_null,0.4,1.0,1.0,1.0
untreated_matched_null,0.5,1.0,1.0,1.0
untreated_matched_null,0.6000000000000001,1.0,1.0,1.0
untreated_matched_null,0.7000000000000001,1.0,1.0,1.0
untreated_matched_null,0.8,1.0,1.0,1.0
untreated_matched_null,0.9,1.0,1.0,1.0
untreated_matched_null,1.0,1.0,1.0,1.0
untreated_matched_null,1.1,1.0,1.0,1.0
untreated_matched_null,1.2000000000000002,1.0,1.0,1.0
untreated_matched_null,1.3,1.0,1.0,1.0
untreated_matched_null,1.4000000000000001,1.0,1.0,1.0
untreated_matched_null,1.5,1.0,1.0,1.0
untreated_matched_null,1.6,1.0,1.0,1.0
untreated_matched_null,1.7000000000000002,1.0,1.0,1.0
untreated_matched_null,1.8,1.0,1.0,1.0
untreated_matched_null,1.9000000000000001,1.0,1.0,1.0
untreated_matched_null,2.0,1.0,1.0,1.0
untreated_matched_null,2.1,1.0,1.0,1.0
untreated_matched_null,2.2,1.0,1.0,1.0
untreated_matched_null,2.3000000000000003,1.0,1.0,1.0
untreated_matched_null,2.4000000000000004,1.0,1.0,1.0
untreated_matched_null,2.5,1.0,1.0,1.0
untreated_matched_null,2.6,1.0,1.0,1.0
untreated_matched_null,2.7,1.0,1.0,1.0
untreated_matched_null,2.8000000000000003,1.0,1.0,1.0
untreated_matched_null,2.9000000000000004,1.0,1.0,1.0
untreated_matched_null,3.0,1.0,1.0,1.0
untreated_matched_null,3.1,1.0,1.0,1.0
untreated_matched_null,3.2,1.0,1.0,1.0
untreated_matched_null,3.3000000000000003,0.9991319444444443,0.9973958333333334,1.0
untreated_matched_null,3.4000000000000004,0.9991319444444443,0.9973958333333334,1.0
untreated_matched_null,3.5,0.9991319444444443,0.9973958333333334,1.0
untreated_matched_null,3.6,0.9973958333333334,0.993923611111111,1.0
untreated_matched_null,3.7,0.9973958333333334,0.993923611111111,1.0
untreated_matched_null,3.8000000000000003,0.9973958333333334,0.993923611111111,1.0
untreated_matched_null,3.9000000000000004,0.9973958333333334,0.993923611111111,1.0
untreated_matched_null,4.0,0.9973958333333334,0.993923611111111,1.0
untreated_matched_null,4.1000000000000005,0.9965277777777778,0.9921875000000001,1.0
untreated_matched_null,4.2,0.9956597222222223,0.9913194444444445,0.9991319444444445
untreated_matched_null,4.3,0.9947916666666669,0.988715277777778,0.9991319444444445
untreated_matched_null,4.4,0.9947916666666669,0.988715277777778,0.9991319444444445
untreated_matched_null,4.5,0.9939236111111113,0.9887152777777777,0.998263888888889
untreated_matched_null,4.6000000000000005,0.9939236111111113,0.9887152777777777,0.998263888888889
untreated_matched_null,4.7,0.9930555555555557,0.9861111111111112,0.998263888888889
untreated_matched_null,4.800000000000001,0.9913194444444446,0.9826388888888888,0.9973958333333335
untreated_matched_null,4.9,0.9887152777777778,0.9765625,0.9965277777777778
untreated_matched_null,5.0,0.9878472222222224,0.9756944444444445,0.9956597222222223
untreated_matched_null,5.1000000000000005,0.9869791666666669,0.974826388888889,0.9956597222222222
untreated_matched_null,5.2,0.9826388888888887,0.9704861111111112,0.9913194444444445
untreated_matched_null,5.300000000000001,0.9809027777777778,0.9687500000000001,0.9904513888888888
untreated_matched_null,5.4,0.9809027777777778,0.9687500000000001,0.9904513888888888
untreated_matched_null,5.5,0.978298611111111,0.9652777777777777,0.9887152777777778
untreated_matched_null,5.6000000000000005,0.9774305555555555,0.9644097222222222,0.9869791666666669
untreated_matched_null,5.7,0.9730902777777778,0.9600694444444443,0.984375
untreated_matched_null,5.800000000000001,0.96875,0.9574652777777777,0.978298611111111
untreated_matched_null,5.9,0.9635416666666666,0.9513888888888888,0.9739583333333335
untreated_matched_null,6.0,0.9600694444444445,0.9453125000000003,0.972222222222222
untreated_matched_null,6.1000000000000005,0.9522569444444442,0.9348958333333335,0.9652777777777778
untreated_matched_null,6.2,0.9461805555555555,0.9279513888888888,0.9618055555555555
untreated_matched_null,6.300000000000001,0.9383680555555555,0.9149305555555555,0.9583333333333335
untreated_matched_null,6.4,0.9296875,0.904513888888889,0.951388888888889
untreated_matched_null,6.5,0.915798611111111,0.887152777777778,0.9392361111111112
untreated_matched_null,6.6000000000000005,0.9097222222222222,0.881076388888889,0.9331597222222222
untreated_matched_null,6.7,0.9010416666666666,0.8723958333333335,0.9262152777777778
untreated_matched_null,6.800000000000001,0.8836805555555555,0.8567708333333334,0.9071397569444445
untreated_matched_null,6.9,0.8689236111111112,0.8394097222222222,0.8932291666666666
untreated_matched_null,7.0,0.8602430555555557,0.8298611111111112,0.8862847222222223
untreated_matched_null,7.1000000000000005,0.8394097222222222,0.8072916666666666,0.868923611111111
untreated_matched_null,7.2,0.8168402777777778,0.7847222222222223,0.8446180555555555
untreated_matched_null,7.300000000000001,0.7907986111111112,0.7595269097222221,0.8185763888888888
untreated_matched_null,7.4,0.7664930555555557,0.7352430555555557,0.7960069444444443
untreated_matched_null,7.5,0.7248263888888888,0.6953125,0.7569444444444443
untreated_matched_null,7.6000000000000005,0.6944444444444445,0.6631944444444444,0.7274522569444445
untreated_matched_null,7.7,0.6597222222222222,0.6241319444444444,0.6961805555555555
untreated_matched_null,7.800000000000001,0.6145833333333334,0.5746527777777779,0.6553819444444445
untreated_matched_null,7.9,0.5703125,0.5338541666666666,0.6119791666666666
untreated_matched_null,8.0,0.5260416666666667,0.4826388888888889,0.5720486111111112
untreated_matched_null,8.1,0.4817708333333333,0.44184027777777773,0.5269097222222222
untreated_matched_null,8.200000000000001,0.43402777777777773,0.38888888888888884,0.4791666666666666
untreated_matched_null,8.3,0.3723958333333333,0.33072916666666663,0.4166666666666667
untreated_matched_null,8.4,0.3168402777777778,0.2786458333333333,0.3541666666666667
untreated_matched_null,8.5,0.27604166666666663,0.24392361111111108,0.3090277777777778
untreated_matched_null,8.6,0.22309027777777776,0.19357638888888892,0.2560763888888889
untreated_matched_null,8.700000000000001,0.17534722222222224,0.1484157986111111,0.203125
untreated_matched_null,8.8,0.14236111111111113,0.11976996527777778,0.16927083333333334
untreated_matched_null,8.9,0.11631944444444442,0.0920138888888889,0.14756944444444442
untreated_matched_null,9.0,0.0842013888888889,0.0625,0.11284722222222221
untreated_matched_null,9.1,0.05989583333333334,0.03993055555555556,0.08680555555555557
untreated_matched_null,9.200000000000001,0.03993055555555556,0.024305555555555552,0.05902777777777777
untreated_matched_null,9.3,0.026041666666666668,0.013888888888888886,0.042556423611111
untreated_matched_null,9.4,0.014756944444444442,0.005208333333333333,0.029513888888888885
untreated_matched_null,9.5,0.0078125,0.0008680555555555555,0.017361111111111112
untreated_matched_null,9.600000000000001,0.005208333333333333,0.0,0.011284722222222224
untreated_matched_null,9.700000000000001,0.0008680555555555555,0.0,0.0026041666666666665
untreated_matched_null,9.8,0.0008680555555555555,0.0,0.0026041666666666665
untreated_matched_null,9.9,0.0,0.0,0.0
untreated_matched_null,10.0,0.0,0.0,0.0
untreated_matched_null,10.100000000000001,0.0,0.0,0.0
untreated_matched_null,10.200000000000001,0.0,0.0,0.0
untreated_matched_null,10.3,0.0,0.0,0.0
untreated_matched_null,10.4,0.0,0.0,0.0
untreated_matched_null,10.5,0.0,0.0,0.0
untreated_matched_null,10.600000000000001,0.0,0.0,0.0
untreated_matched_null,10.700000000000001,0.0,0.0,0.0
untreated_matched_null,10.8,0.0,0.0,0.0
untreated_matched_null,10.9,0.0,0.0,0.0
untreated_matched_null,11.0,0.0,0.0,0.0
untreated_matched_null,11.100000000000001,0.0,0.0,0.0
untreated_matched_null,11.200000000000001,0.0,0.0,0.0
untreated_matched_null,11.3,0.0,0.0,0.0
untreated_matched_null,11.4,0.0,0.0,0.0
untreated_matched_null,11.5,0.0,0.0,0.0
untreated_matched_null,11.600000000000001,0.0,0.0,0.0
untreated_matched_null,11.700000000000001,0.0,0.0,0.0
untreated_matched_null,11.8,0.0,0.0,0.0
untreated_matched_null,11.9,0.0,0.0,0.0
untreated_matched_null,12.0,0.0,0.0,0.0
bio_added_assumed,0.0,1.0,1.0,1.0
bio_added_assumed,0.1,1.0,1.0,1.0
bio_added_assumed,0.2,1.0,1.0,1.0
bio_added_assumed,0.30000000000000004,1.0,1.0,1.0
bio_added_assumed,0.4,1.0,1.0,1.0
bio_added_assumed,0.5,1.0,1.0,1.0
bio_added_assumed,0.6000000000000001,1.0,1.0,1.0
bio_added_assumed,0.7000000000000001,1.0,1.0,1.0
bio_added_assumed,0.8,1.0,1.0,1.0
bio_added_assumed,0.9,1.0,1.0,1.0
bio_added_assumed,1.0,1.0,1.0,1.0
bio_added_assumed,1.1,1.0,1.0,1.0
bio_added_assumed,1.2000000000000002,1.0,1.0,1.0
bio_added_assumed,1.3,1.0,1.0,1.0
bio_added_assumed,1.4000000000000001,1.0,1.0,1.0
bio_added_assumed,1.5,1.0,1.0,1.0
bio_added_assumed,1.6,1.0,1.0,1.0
bio_added_assumed,1.7000000000000002,1.0,1.0,1.0
bio_added_assumed,1.8,1.0,1.0,1.0
bio_added_assumed,1.9000000000000001,1.0,1.0,1.0
bio_added_assumed,2.0,1.0,1.0,1.0
bio_added_assumed,2.1,1.0,1.0,1.0
bio_added_assumed,2.2,1.0,1.0,1.0
bio_added_assumed,2.3000000000000003,1.0,1.0,1.0
bio_added_assumed,2.4000000000000004,0.9973958333333334,0.9930555555555555,1.0
bio_added_assumed,2.5,0.9930555555555555,0.9878472222222222,0.9973958333333334
bio_added_assumed,2.6,0.9704861111111112,0.959201388888889,0.9791666666666666
bio_added_assumed,2.7,0.9322916666666665,0.9140625000000001,0.9470486111111112
bio_added_assumed,2.8000000000000003,0.859375,0.8272569444444445,0.8871527777777778
bio_added_assumed,2.9000000000000004,0.717013888888889,0.6701388888888888,0.759548611111111
bio_added_assumed,3.0,0.4826388888888889,0.4288194444444445,0.532986111111111
bio_added_assumed,3.1,0.20659722222222224,0.17100694444444445,0.2439453124999999
bio_added_assumed,3.2,0.026041666666666668,0.015625,0.036458333333333336
bio_added_assumed,3.3000000000000003,0.0,0.0,0.0
bio_added_assumed,3.4000000000000004,0.0,0.0,0.0
bio_added_assumed,3.5,0.0,0.0,0.0
bio_added_assumed,3.6,0.0,0.0,0.0
bio_added_assumed,3.7,0.0,0.0,0.0
bio_added_assumed,3.8000000000000003,0.0,0.0,0.0
bio_added_assumed,3.9000000000000004,0.0,0.0,0.0
bio_added_assumed,4.0,0.0,0.0,0.0
bio_added_assumed,4.1000000000000005,0.0,0.0,0.0
bio_added_assumed,4.2,0.0,0.0,0.0
bio_added_assumed,4.3,0.0,0.0,0.0
bio_added_assumed,4.4,0.0,0.0,0.0
bio_added_assumed,4.5,0.0,0.0,0.0
bio_added_assumed,4.6000000000000005,0.0,0.0,0.0
bio_added_assumed,4.7,0.0,0.0,0.0
bio_added_assumed,4.800000000000001,0.0,0.0,0.0
bio_added_assumed,4.9,0.0,0.0,0.0
bio_added_assumed,5.0,0.0,0.0,0.0
bio_added_assumed,5.1000000000000005,0.0,0.0,0.0
bio_added_assumed,5.2,0.0,0.0,0.0
bio_added_assumed,5.300000000000001,0.0,0.0,0.0
bio_added_assumed,5.4,0.0,0.0,0.0
bio_added_assumed,5.5,0.0,0.0,0.0
bio_added_assumed,5.6000000000000005,0.0,0.0,0.0
bio_added_assumed,5.7,0.0,0.0,0.0
bio_added_assumed,5.800000000000001,0.0,0.0,0.0
bio_added_assumed,5.9,0.0,0.0,0.0
bio_added_assumed,6.0,0.0,0.0,0.0
bio_added_assumed,6.1000000000000005,0.0,0.0,0.0
bio_added_assumed,6.2,0.0,0.0,0.0
bio_added_assumed,6.300000000000001,0.0,0.0,0.0
bio_added_assumed,6.4,0.0,0.0,0.0
bio_added_assumed,6.5,0.0,0.0,0.0
bio_added_assumed,6.6000000000000005,0.0,0.0,0.0
bio_added_assumed,6.7,0.0,0.0,0.0
bio_added_assumed,6.800000000000001,0.0,0.0,0.0
bio_added_assumed,6.9,0.0,0.0,0.0
bio_added_assumed,7.0,0.0,0.0,0.0
bio_added_assumed,7.1000000000000005,0.0,0.0,0.0
bio_added_assumed,7.2,0.0,0.0,0.0
bio_added_assumed,7.300000000000001,0.0,0.0,0.0
bio_added_assumed,7.4,0.0,0.0,0.0
bio_added_assumed,7.5,0.0,0.0,0.0
bio_added_assumed,7.6000000000000005,0.0,0.0,0.0
bio_added_assumed,7.7,0.0,0.0,0.0
bio_added_assumed,7.800000000000001,0.0,0.0,0.0
bio_added_assumed,7.9,0.0,0.0,0.0
bio_added_assumed,8.0,0.0,0.0,0.0
bio_added_assumed,8.1,0.0,0.0,0.0
bio_added_assumed,8.200000000000001,0.0,0.0,0.0
bio_added_assumed,8.3,0.0,0.0,0.0
bio_added_assumed,8.4,0.0,0.0,0.0
bio_added_assumed,8.5,0.0,0.0,0.0
bio_added_assumed,8.6,0.0,0.0,0.0
bio_added_assumed,8.700000000000001,0.0,0.0,0.0
bio_added_assumed,8.8,0.0,0.0,0.0
bio_added_assumed,8.9,0.0,0.0,0.0
bio_added_assumed,9.0,0.0,0.0,0.0
bio_added_assumed,9.1,0.0,0.0,0.0
bio_added_assumed,9.200000000000001,0.0,0.0,0.0
bio_added_assumed,9.3,0.0,0.0,0.0
bio_added_assumed,9.4,0.0,0.0,0.0
bio_added_assumed,9.5,0.0,0.0,0.0
bio_added_assumed,9.600000000000001,0.0,0.0,0.0
bio_added_assumed,9.700000000000001,0.0,0.0,0.0
bio_added_assumed,9.8,0.0,0.0,0.0
bio_added_assumed,9.9,0.0,0.0,0.0
bio_added_assumed,10.0,0.0,0.0,0.0
bio_added_assumed,10.100000000000001,0.0,0.0,0.0
bio_added_assumed,10.200000000000001,0.0,0.0,0.0
bio_added_assumed,10.3,0.0,0.0,0.0
bio_added_assumed,10.4,0.0,0.0,0.0
bio_added_assumed,10.5,0.0,0.0,0.0
bio_added_assumed,10.600000000000001,0.0,0.0,0.0
bio_added_assumed,10.700000000000001,0.0,0.0,0.0
bio_added_assumed,10.8,0.0,0.0,0.0
bio_added_assumed,10.9,0.0,0.0,0.0
bio_added_assumed,11.0,0.0,0.0,0.0
bio_added_assumed,11.100000000000001,0.0,0.0,0.0
bio_added_assumed,11.200000000000001,0.0,0.0,0.0
bio_added_assumed,11.3,0.0,0.0,0.0
bio_added_assumed,11.4,0.0,0.0,0.0
bio_added_assumed,11.5,0.0,0.0,0.0
bio_added_assumed,11.600000000000001,0.0,0.0,0.0
bio_added_assumed,11.700000000000001,0.0,0.0,0.0
bio_added_assumed,11.8,0.0,0.0,0.0
bio_added_assumed,11.9,0.0,0.0,0.0
bio_added_assumed,12.0,0.0,0.0,0.0
bio_slow_cooling,0.0,1.0,1.0,1.0
bio_slow_cooling,0.1,1.0,1.0,1.0
bio_slow_cooling,0.2,1.0,1.0,1.0
bio_slow_cooling,0.30000000000000004,1.0,1.0,1.0
bio_slow_cooling,0.4,1.0,1.0,1.0
bio_slow_cooling,0.5,1.0,1.0,1.0
bio_slow_cooling,0.6000000000000001,1.0,1.0,1.0
bio_slow_cooling,0.7000000000000001,1.0,1.0,1.0
bio_slow_cooling,0.8,1.0,1.0,1.0
bio_slow_cooling,0.9,1.0,1.0,1.0
bio_slow_cooling,1.0,1.0,1.0,1.0
bio_slow_cooling,1.1,1.0,1.0,1.0
bio_slow_cooling,1.2000000000000002,1.0,1.0,1.0
bio_slow_cooling,1.3,1.0,1.0,1.0
bio_slow_cooling,1.4000000000000001,1.0,1.0,1.0
bio_slow_cooling,1.5,1.0,1.0,1.0
bio_slow_cooling,1.6,1.0,1.0,1.0
bio_slow_cooling,1.7000000000000002,1.0,1.0,1.0
bio_slow_cooling,1.8,1.0,1.0,1.0
bio_slow_cooling,1.9000000000000001,1.0,1.0,1.0
bio_slow_cooling,2.0,1.0,1.0,1.0
bio_slow_cooling,2.1,0.9991319444444445,0.9973958333333334,1.0
bio_slow_cooling,2.2,0.9991319444444445,0.9973958333333334,1.0
bio_slow_cooling,2.3000000000000003,0.9947916666666666,0.9913194444444443,0.998263888888889
bio_slow_cooling,2.4000000000000004,0.9887152777777778,0.9817708333333334,0.9947916666666666
bio_slow_cooling,2.5,0.9765625,0.9696180555555555,0.982638888888889
bio_slow_cooling,2.6,0.9505208333333334,0.9409722222222224,0.9592013888888888
bio_slow_cooling,2.7,0.8949652777777778,0.8828125,0.90625
bio_slow_cooling,2.8000000000000003,0.7890624999999999,0.7673611111111112,0.8081597222222223
bio_slow_cooling,2.9000000000000004,0.5624999999999999,0.5321180555555555,0.5963541666666667
bio_slow_cooling,3.0,0.2682291666666667,0.2291666666666667,0.30902777777777773
bio_slow_cooling,3.1,0.059895833333333336,0.04340277777777778,0.07552083333333333
bio_slow_cooling,3.2,0.0026041666666666665,0.0,0.005208333333333333
bio_slow_cooling,3.3000000000000003,0.0008680555555555555,0.0,0.0026041666666666665
bio_slow_cooling,3.4000000000000004,0.0,0.0,0.0
bio_slow_cooling,3.5,0.0,0.0,0.0
bio_slow_cooling,3.6,0.0,0.0,0.0
bio_slow_cooling,3.7,0.0,0.0,0.0
bio_slow_cooling,3.8000000000000003,0.0,0.0,0.0
bio_slow_cooling,3.9000000000000004,0.0,0.0,0.0
bio_slow_cooling,4.0,0.0,0.0,0.0
bio_slow_cooling,4.1000000000000005,0.0,0.0,0.0
bio_slow_cooling,4.2,0.0,0.0,0.0
bio_slow_cooling,4.3,0.0,0.0,0.0
bio_slow_cooling,4.4,0.0,0.0,0.0
bio_slow_cooling,4.5,0.0,0.0,0.0
bio_slow_cooling,4.6000000000000005,0.0,0.0,0.0
bio_slow_cooling,4.7,0.0,0.0,0.0
bio_slow_cooling,4.800000000000001,0.0,0.0,0.0
bio_slow_cooling,4.9,0.0,0.0,0.0
bio_slow_cooling,5.0,0.0,0.0,0.0
bio_slow_cooling,5.1000000000000005,0.0,0.0,0.0
bio_slow_cooling,5.2,0.0,0.0,0.0
bio_slow_cooling,5.300000000000001,0.0,0.0,0.0
bio_slow_cooling,5.4,0.0,0.0,0.0
bio_slow_cooling,5.5,0.0,0.0,0.0
bio_slow_cooling,5.6000000000000005,0.0,0.0,0.0
bio_slow_cooling,5.7,0.0,0.0,0.0
bio_slow_cooling,5.800000000000001,0.0,0.0,0.0
bio_slow_cooling,5.9,0.0,0.0,0.0
bio_slow_cooling,6.0,0.0,0.0,0.0
bio_slow_cooling,6.1000000000000005,0.0,0.0,0.0
bio_slow_cooling,6.2,0.0,0.0,0.0
bio_slow_cooling,6.300000000000001,0.0,0.0,0.0
bio_slow_cooling,6.4,0.0,0.0,0.0
bio_slow_cooling,6.5,0.0,0.0,0.0
bio_slow_cooling,6.6000000000000005,0.0,0.0,0.0
bio_slow_cooling,6.7,0.0,0.0,0.0
bio_slow_cooling,6.800000000000001,0.0,0.0,0.0
bio_slow_cooling,6.9,0.0,0.0,0.0
bio_slow_cooling,7.0,0.0,0.0,0.0
bio_slow_cooling,7.1000000000000005,0.0,0.0,0.0
bio_slow_cooling,7.2,0.0,0.0,0.0
bio_slow_cooling,7.300000000000001,0.0,0.0,0.0
bio_slow_cooling,7.4,0.0,0.0,0.0
bio_slow_cooling,7.5,0.0,0.0,0.0
bio_slow_cooling,7.6000000000000005,0.0,0.0,0.0
bio_slow_cooling,7.7,0.0,0.0,0.0
bio_slow_cooling,7.800000000000001,0.0,0.0,0.0
bio_slow_cooling,7.9,0.0,0.0,0.0
bio_slow_cooling,8.0,0.0,0.0,0.0
bio_slow_cooling,8.1,0.0,0.0,0.0
bio_slow_cooling,8.200000000000001,0.0,0.0,0.0
bio_slow_cooling,8.3,0.0,0.0,0.0
bio_slow_cooling,8.4,0.0,0.0,0.0
bio_slow_cooling,8.5,0.0,0.0,0.0
bio_slow_cooling,8.6,0.0,0.0,0.0
bio_slow_cooling,8.700000000000001,0.0,0.0,0.0
bio_slow_cooling,8.8,0.0,0.0,0.0
bio_slow_cooling,8.9,0.0,0.0,0.0
bio_slow_cooling,9.0,0.0,0.0,0.0
bio_slow_cooling,9.1,0.0,0.0,0.0
bio_slow_cooling,9.200000000000001,0.0,0.0,0.0
bio_slow_cooling,9.3,0.0,0.0,0.0
bio_slow_cooling,9.4,0.0,0.0,0.0
bio_slow_cooling,9.5,0.0,0.0,0.0
bio_slow_cooling,9.600000000000001,0.0,0.0,0.0
bio_slow_cooling,9.700000000000001,0.0,0.0,0.0
bio_slow_cooling,9.8,0.0,0.0,0.0
bio_slow_cooling,9.9,0.0,0.0,0.0
bio_slow_cooling,10.0,0.0,0.0,0.0
bio_slow_cooling,10.100000000000001,0.0,0.0,0.0
bio_slow_cooling,10.200000000000001,0.0,0.0,0.0
bio_slow_cooling,10.3,0.0,0.0,0.0
bio_slow_cooling,10.4,0.0,0.0,0.0
bio_slow_cooling,10.5,0.0,0.0,0.0
bio_slow_cooling,10.600000000000001,0.0,0.0,0.0
bio_slow_cooling,10.700000000000001,0.0,0.0,0.0
bio_slow_cooling,10.8,0.0,0.0,0.0
bio_slow_cooling,10.9,0.0,0.0,0.0
bio_slow_cooling,11.0,0.0,0.0,0.0
bio_slow_cooling,11.100000000000001,0.0,0.0,0.0
bio_slow_cooling,11.200000000000001,0.0,0.0,0.0
bio_slow_cooling,11.3,0.0,0.0,0.0
bio_slow_cooling,11.4,0.0,0.0,0.0
bio_slow_cooling,11.5,0.0,0.0,0.0
bio_slow_cooling,11.600000000000001,0.0,0.0,0.0
bio_slow_cooling,11.700000000000001,0.0,0.0,0.0
bio_slow_cooling,11.8,0.0,0.0,0.0
bio_slow_cooling,11.9,0.0,0.0,0.0
bio_slow_cooling,12.0,0.0,0.0,0.0
bio_fast_cooling,0.0,1.0,1.0,1.0
bio_fast_cooling,0.1,1.0,1.0,1.0
bio_fast_cooling,0.2,1.0,1.0,1.0
bio_fast_cooling,0.30000000000000004,1.0,1.0,1.0
bio_fast_cooling,0.4,1.0,1.0,1.0
bio_fast_cooling,0.5,1.0,1.0,1.0
bio_fast_cooling,0.6000000000000001,1.0,1.0,1.0
bio_fast_cooling,0.7000000000000001,1.0,1.0,1.0
bio_fast_cooling,0.8,1.0,1.0,1.0
bio_fast_cooling,0.9,1.0,1.0,1.0
bio_fast_cooling,1.0,1.0,1.0,1.0
bio_fast_cooling,1.1,1.0,1.0,1.0
bio_fast_cooling,1.2000000000000002,1.0,1.0,1.0
bio_fast_cooling,1.3,1.0,1.0,1.0
bio_fast_cooling,1.4000000000000001,1.0,1.0,1.0
bio_fast_cooling,1.5,1.0,1.0,1.0
bio_fast_cooling,1.6,1.0,1.0,1.0
bio_fast_cooling,1.7000000000000002,1.0,1.0,1.0
bio_fast_cooling,1.8,1.0,1.0,1.0
bio_fast_cooling,1.9000000000000001,1.0,1.0,1.0
bio_fast_cooling,2.0,1.0,1.0,1.0
bio_fast_cooling,2.1,1.0,1.0,1.0
bio_fast_cooling,2.2,1.0,1.0,1.0
bio_fast_cooling,2.3000000000000003,1.0,1.0,1.0
bio_fast_cooling,2.4000000000000004,0.9991319444444445,0.9973958333333334,1.0
bio_fast_cooling,2.5,0.9965277777777778,0.9930555555555557,0.9991319444444445
bio_fast_cooling,2.6,0.9878472222222222,0.9800347222222222,0.9947916666666666
bio_fast_cooling,2.7,0.9748263888888887,0.9618055555555557,0.9861111111111112
bio_fast_cooling,2.8000000000000003,0.9418402777777778,0.9287977430555554,0.9557508680555556
bio_fast_cooling,2.9000000000000004,0.876736111111111,0.8498263888888888,0.9036458333333334
bio_fast_cooling,3.0,0.7135416666666666,0.6605902777777779,0.7630425347222223
bio_fast_cooling,3.1,0.4505208333333333,0.4071180555555555,0.4982855902777777
bio_fast_cooling,3.2,0.17881944444444442,0.1440755208333333,0.21616753472222214
bio_fast_cooling,3.3000000000000003,0.03125,0.017361111111111115,0.04774305555555556
bio_fast_cooling,3.4000000000000004,0.0,0.0,0.0
bio_fast_cooling,3.5,0.0,0.0,0.0
bio_fast_cooling,3.6,0.0,0.0,0.0
bio_fast_cooling,3.7,0.0,0.0,0.0
bio_fast_cooling,3.8000000000000003,0.0,0.0,0.0
bio_fast_cooling,3.9000000000000004,0.0,0.0,0.0
bio_fast_cooling,4.0,0.0,0.0,0.0
bio_fast_cooling,4.1000000000000005,0.0,0.0,0.0
bio_fast_cooling,4.2,0.0,0.0,0.0
bio_fast_cooling,4.3,0.0,0.0,0.0
bio_fast_cooling,4.4,0.0,0.0,0.0
bio_fast_cooling,4.5,0.0,0.0,0.0
bio_fast_cooling,4.6000000000000005,0.0,0.0,0.0
bio_fast_cooling,4.7,0.0,0.0,0.0
bio_fast_cooling,4.800000000000001,0.0,0.0,0.0
bio_fast_cooling,4.9,0.0,0.0,0.0
bio_fast_cooling,5.0,0.0,0.0,0.0
bio_fast_cooling,5.1000000000000005,0.0,0.0,0.0
bio_fast_cooling,5.2,0.0,0.0,0.0
bio_fast_cooling,5.300000000000001,0.0,0.0,0.0
bio_fast_cooling,5.4,0.0,0.0,0.0
bio_fast_cooling,5.5,0.0,0.0,0.0
bio_fast_cooling,5.6000000000000005,0.0,0.0,0.0
bio_fast_cooling,5.7,0.0,0.0,0.0
bio_fast_cooling,5.800000000000001,0.0,0.0,0.0
bio_fast_cooling,5.9,0.0,0.0,0.0
bio_fast_cooling,6.0,0.0,0.0,0.0
bio_fast_cooling,6.1000000000000005,0.0,0.0,0.0
bio_fast_cooling,6.2,0.0,0.0,0.0
bio_fast_cooling,6.300000000000001,0.0,0.0,0.0
bio_fast_cooling,6.4,0.0,0.0,0.0
bio_fast_cooling,6.5,0.0,0.0,0.0
bio_fast_cooling,6.6000000000000005,0.0,0.0,0.0
bio_fast_cooling,6.7,0.0,0.0,0.0
bio_fast_cooling,6.800000000000001,0.0,0.0,0.0
bio_fast_cooling,6.9,0.0,0.0,0.0
bio_fast_cooling,7.0,0.0,0.0,0.0
bio_fast_cooling,7.1000000000000005,0.0,0.0,0.0
bio_fast_cooling,7.2,0.0,0.0,0.0
bio_fast_cooling,7.300000000000001,0.0,0.0,0.0
bio_fast_cooling,7.4,0.0,0.0,0.0
bio_fast_cooling,7.5,0.0,0.0,0.0
bio_fast_cooling,7.6000000000000005,0.0,0.0,0.0
bio_fast_cooling,7.7,0.0,0.0,0.0
bio_fast_cooling,7.800000000000001,0.0,0.0,0.0
bio_fast_cooling,7.9,0.0,0.0,0.0
bio_fast_cooling,8.0,0.0,0.0,0.0
bio_fast_cooling,8.1,0.0,0.0,0.0
bio_fast_cooling,8.200000000000001,0.0,0.0,0.0
bio_fast_cooling,8.3,0.0,0.0,0.0
bio_fast_cooling,8.4,0.0,0.0,0.0
bio_fast_cooling,8.5,0.0,0.0,0.0
bio_fast_cooling,8.6,0.0,0.0,0.0
bio_fast_cooling,8.700000000000001,0.0,0.0,0.0
bio_fast_cooling,8.8,0.0,0.0,0.0
bio_fast_cooling,8.9,0.0,0.0,0.0
bio_fast_cooling,9.0,0.0,0.0,0.0
bio_fast_cooling,9.1,0.0,0.0,0.0
bio_fast_cooling,9.200000000000001,0.0,0.0,0.0
bio_fast_cooling,9.3,0.0,0.0,0.0
bio_fast_cooling,9.4,0.0,0.0,0.0
bio_fast_cooling,9.5,0.0,0.0,0.0
bio_fast_cooling,9.600000000000001,0.0,0.0,0.0
bio_fast_cooling,9.700000000000001,0.0,0.0,0.0
bio_fast_cooling,9.8,0.0,0.0,0.0
bio_fast_cooling,9.9,0.0,0.0,0.0
bio_fast_cooling,10.0,0.0,0.0,0.0
bio_fast_cooling,10.100000000000001,0.0,0.0,0.0
bio_fast_cooling,10.200000000000001,0.0,0.0,0.0
bio_fast_cooling,10.3,0.0,0.0,0.0
bio_fast_cooling,10.4,0.0,0.0,0.0
bio_fast_cooling,10.5,0.0,0.0,0.0
bio_fast_cooling,10.600000000000001,0.0,0.0,0.0
bio_fast_cooling,10.700000000000001,0.0,0.0,0.0
bio_fast_cooling,10.8,0.0,0.0,0.0
bio_fast_cooling,10.9,0.0,0.0,0.0
bio_fast_cooling,11.0,0.0,0.0,0.0
bio_fast_cooling,11.100000000000001,0.0,0.0,0.0
bio_fast_cooling,11.200000000000001,0.0,0.0,0.0
bio_fast_cooling,11.3,0.0,0.0,0.0
bio_fast_cooling,11.4,0.0,0.0,0.0
bio_fast_cooling,11.5,0.0,0.0,0.0
bio_fast_cooling,11.600000000000001,0.0,0.0,0.0
bio_fast_cooling,11.700000000000001,0.0,0.0,0.0
bio_fast_cooling,11.8,0.0,0.0,0.0
bio_fast_cooling,11.9,0.0,0.0,0.0
bio_fast_cooling,12.0,0.0,0.0,0.0
