arm,batch,fraction_frozen_by_5K,median_event_cooling_K,events
distilled_matched_null,0,0.010416666666666666,8.109049314929129,96
distilled_matched_null,1,0.0,8.261864101137256,96
distilled_matched_null,2,0.0,8.113136828387297,96
distilled_matched_null,3,0.010416666666666666,8.157895403641408,96
distilled_matched_null,4,0.0,8.148666777992016,96
distilled_matched_null,5,0.03125,7.815967647207195,96
distilled_matched_null,6,0.0,8.042248027297063,96
distilled_matched_null,7,0.020833333333333332,8.240353109980138,96
distilled_matched_null,8,0.03125,7.902369250148051,96
distilled_matched_null,9,0.0,7.940477513270948,96
distilled_matched_null,10,0.0,7.979537171398345,96
distilled_matched_null,11,0.0,8.16224716775957,96
filtered_matched_null,0,0.010416666666666666,7.925995599557234,96
filtered_matched_null,1,0.010416666666666666,7.99991248708768,96
filtered_matched_null,2,0.0,8.013229840749647,96
filtered_matched_null,3,0.0,7.8995215486961,96
filtered_matched_null,4,0.0,7.935075392621716,96
filtered_matched_null,5,0.0,8.135623193075501,96
filtered_matched_null,6,0.0,7.857988148827982,96
filtered_matched_null,7,0.03125,7.793600603980812,96
filtered_matched_null,8,0.020833333333333332,7.779711616150715,96
filtered_matched_null,9,0.010416666666666666,8.175057136383183,96
filtered_matched_null,10,0.010416666666666666,7.911335316156347,96
filtered_matched_null,11,0.0,7.90182258660575,96
heated_matched_null,0,0.020833333333333332,7.820918046474791,96
heated_matched_null,1,0.020833333333333332,8.348504877083595,96
heated_matched_null,2,0.0,8.086745383880535,96
heated_matched_null,3,0.020833333333333332,8.028223121796913,96
heated_matched_null,4,0.020833333333333332,7.991673933367902,96
heated_matched_null,5,0.0,8.316176263564252,96
heated_matched_null,6,0.010416666666666666,8.09606560612007,96
heated_matched_null,7,0.010416666666666666,7.94656908764941,96
heated_matched_null,8,0.010416666666666666,7.9780799532884235,96
heated_matched_null,9,0.010416666666666666,8.32575193317095,96
heated_matched_null,10,0.020833333333333332,7.6562759649946575,96
heated_matched_null,11,0.0,7.955911450636774,96
boiled_matched_null,0,0.020833333333333332,8.05221383929716,96
boiled_matched_null,1,0.03125,8.10548988978065,96
boiled_matched_null,2,0.010416666666666666,7.965605754498258,96
boiled_matched_null,3,0.0,8.04477535167295,96
boiled_matched_null,4,0.03125,7.991486520245701,96
boiled_matched_null,5,0.010416666666666666,7.947671334080537,96
boiled_matched_null,6,0.0,8.195399717338372,96
boiled_matched_null,7,0.0,7.762279585605826,96
boiled_matched_null,8,0.010416666666666666,7.7861987622491755,96
boiled_matched_null,9,0.0,8.031468193291104,96
boiled_matched_null,10,0.0,8.360491317968773,96
boiled_matched_null,11,0.010416666666666666,8.0848476325122,96
untreated_matched_null,0,0.010416666666666666,8.164169726492368,96
untreated_matched_null,1,0.010416666666666666,7.720812296624689,96
untreated_matched_null,2,0.0,8.09255887439698,96
untreated_matched_null,3,0.010416666666666666,8.04747419568772,96
untreated_matched_null,4,0.07291666666666667,7.9627657554738684,96
untreated_matched_null,5,0.010416666666666666,8.038524507692234,96
untreated_matched_null,6,0.0,8.137805102750402,96
untreated_matched_null,7,0.0,8.135409344230347,96
untreated_matched_null,8,0.0,8.330472010489812,96
untreated_matched_null,9,0.010416666666666666,8.059917924589643,96
untreated_matched_null,10,0.010416666666666666,7.956531587898161,96
untreated_matched_null,11,0.010416666666666666,8.021131836609449,96
bio_added_assumed,0,1.0,3.049335680856813,96
bio_added_assumed,1,1.0,2.9773271841873354,96
bio_added_assumed,2,1.0,2.98140192726172,96
bio_added_assumed,3,1.0,2.9987588103207097,96
bio_added_assumed,4,1.0,2.9194565946628988,96
bio_added_assumed,5,1.0,2.997502146353139,96
bio_added_assumed,6,1.0,3.040254414161966,96
bio_added_assumed,7,1.0,2.994240651460518,96
bio_added_assumed,8,1.0,3.0106663684810133,96
bio_added_assumed,9,1.0,2.9929360755302907,96
bio_added_assumed,10,1.0,2.990689587894683,96
bio_added_assumed,11,1.0,2.979452872234445,96
mineral_added_assumed,0,0.052083333333333336,6.037512741193401,96
mineral_added_assumed,1,0.08333333333333333,5.958363323779114,96
mineral_added_assumed,2,0.09375,6.255867604340342,96
mineral_added_assumed,3,0.17708333333333334,6.005728353039281,96
mineral_added_assumed,4,0.07291666666666667,5.903623914027623,96
mineral_added_assumed,5,0.11458333333333333,5.918066832809495,96
mineral_added_assumed,6,0.0625,5.9593386610784895,96
mineral_added_assumed,7,0.125,5.996507819498714,96
mineral_added_assumed,8,0.11458333333333333,5.942081530148718,96
mineral_added_assumed,9,0.08333333333333333,5.772366990461933,96
mineral_added_assumed,10,0.08333333333333333,6.302999768037118,96
mineral_added_assumed,11,0.125,6.13436436514208,96
bio_and_mineral_assumed,0,1.0,3.009622657929113,96
bio_and_mineral_assumed,1,1.0,3.023024061611572,96
bio_and_mineral_assumed,2,1.0,3.0172700366429317,96
bio_and_mineral_assumed,3,1.0,2.99492529162778,96
bio_and_mineral_assumed,4,1.0,3.003521561296207,96
bio_and_mineral_assumed,5,1.0,3.019436821458955,96
bio_and_mineral_assumed,6,1.0,3.0120844324316733,96
bio_and_mineral_assumed,7,1.0,3.032957138684228,96
bio_and_mineral_assumed,8,1.0,2.964960914132984,96
bio_and_mineral_assumed,9,1.0,2.9054922568877455,96
bio_and_mineral_assumed,10,1.0,3.0100941858920276,96
bio_and_mineral_assumed,11,1.0,3.02840301282793,96
bio_removed_ablation,0,0.020833333333333332,7.697528901169658,96
bio_removed_ablation,1,0.020833333333333332,7.772071527023856,96
bio_removed_ablation,2,0.010416666666666666,8.148650414204095,96
bio_removed_ablation,3,0.010416666666666666,8.06651785850499,96
bio_removed_ablation,4,0.0,7.991783518603446,96
bio_removed_ablation,5,0.0,8.196072643785236,96
bio_removed_ablation,6,0.0,7.900170469296117,96
bio_removed_ablation,7,0.020833333333333332,7.901608908185288,96
bio_removed_ablation,8,0.020833333333333332,7.722782092104891,96
bio_removed_ablation,9,0.0,8.071505141433262,96
bio_removed_ablation,10,0.0,7.816748143190116,96
bio_removed_ablation,11,0.0,7.873350276958823,96
surface_x10_assumed,0,0.052083333333333336,6.750549944939582,96
surface_x10_assumed,1,0.0625,7.009448473740473,96
surface_x10_assumed,2,0.052083333333333336,6.939160931636145,96
surface_x10_assumed,3,0.010416666666666666,7.003925760614935,96
surface_x10_assumed,4,0.07291666666666667,6.73554750863619,96
surface_x10_assumed,5,0.052083333333333336,6.6371345139906825,96
surface_x10_assumed,6,0.0625,6.565012883857215,96
surface_x10_assumed,7,0.010416666666666666,6.820321971657531,96
surface_x10_assumed,8,0.03125,6.775164151716083,96
surface_x10_assumed,9,0.03125,7.004829401839744,96
surface_x10_assumed,10,0.020833333333333332,6.9228124232931565,96
surface_x10_assumed,11,0.09375,6.6152743381636085,96
bio_slow_cooling,0,1.0,2.933573271747235,96
bio_slow_cooling,1,1.0,2.967478973135732,96
bio_slow_cooling,2,1.0,2.905359996134081,96
bio_slow_cooling,3,1.0,2.940218141598299,96
bio_slow_cooling,4,1.0,2.9139649970646806,96
bio_slow_cooling,5,1.0,2.9253786023512065,96
bio_slow_cooling,6,1.0,2.9109791050343716,96
bio_slow_cooling,7,1.0,2.893097644681778,96
bio_slow_cooling,8,1.0,2.8958999485211283,96
bio_slow_cooling,9,1.0,2.9247514438480566,96
bio_slow_cooling,10,1.0,2.9270715055477305,96
bio_slow_cooling,11,1.0,2.96161653557599,96
bio_fast_cooling,0,1.0,3.069081631136033,96
bio_fast_cooling,1,1.0,3.123488640722816,96
bio_fast_cooling,2,1.0,3.0824235366996433,96
bio_fast_cooling,3,1.0,3.1153637219637123,96
bio_fast_cooling,4,1.0,3.129715335542568,96
bio_fast_cooling,5,1.0,3.023434905244082,96
bio_fast_cooling,6,1.0,3.069068304466775,96
bio_fast_cooling,7,1.0,3.024857819808435,96
bio_fast_cooling,8,1.0,3.074884042675649,96
bio_fast_cooling,9,1.0,3.0737399120535054,96
bio_fast_cooling,10,1.0,3.065681918103448,96
bio_fast_cooling,11,1.0,3.0974268996821017,96
bio_half_volume,0,1.0,3.092402775008881,96
bio_half_volume,1,1.0,3.0979560248929396,96
bio_half_volume,2,1.0,3.0839392840755915,96
bio_half_volume,3,1.0,3.060039644922239,96
bio_half_volume,4,1.0,3.083210369141014,96
bio_half_volume,5,1.0,3.087866460889117,96
bio_half_volume,6,1.0,3.067092125284387,96
bio_half_volume,7,1.0,3.1568560584784082,96
bio_half_volume,8,1.0,3.086265102395164,96
bio_half_volume,9,1.0,3.0313572392265926,96
bio_half_volume,10,1.0,3.0896335290701273,96
bio_half_volume,11,1.0,3.050850411157996,96
bio_double_volume,0,1.0,2.87612757267576,96
bio_double_volume,1,1.0,2.9261929829089075,96
bio_double_volume,2,1.0,2.993443484408551,96
bio_double_volume,3,1.0,2.958754063808788,96
bio_double_volume,4,1.0,2.9042418038964364,96
bio_double_volume,5,1.0,2.9123712481956114,96
bio_double_volume,6,1.0,3.0209293902174994,96
bio_double_volume,7,1.0,2.98856729465323,96
bio_double_volume,8,1.0,2.9619627417902974,96
bio_double_volume,9,1.0,2.9285365488548027,96
bio_double_volume,10,1.0,2.8623773995304838,96
bio_double_volume,11,1.0,2.8790027939814236,96
