count,seed,corrected_cv2,overlap_with_uniform
2048,100,0.0064697265625,0.85546875
2048,101,-0.00537109375,0.86572265625
2048,102,-0.0135498046875,0.8671875
2048,103,0.0028076171875,0.85986328125
2048,104,-0.0028076171875,0.8603515625
2048,105,0.0079345703125,0.85693359375
2048,106,-0.008544921875,0.8671875
2048,107,0.0069580078125,0.8544921875
8192,100,0.0031280517578125,0.92822265625
8192,101,0.00212860107421875,0.9268798828125
8192,102,0.00217437744140625,0.9281005859375
8192,103,0.0008544921875,0.929931640625
8192,104,-0.00302886962890625,0.9326171875
8192,105,0.00206756591796875,0.927001953125
8192,106,0.00395965576171875,0.9251708984375
8192,107,0.0045623779296875,0.923583984375
32768,100,0.0003209114074707031,0.96331787109375
32768,101,0.0018138885498046875,0.961761474609375
32768,102,0.0016622543334960938,0.960723876953125
32768,103,0.0018572807312011719,0.960205078125
32768,104,0.003231048583984375,0.957977294921875
32768,105,0.0008487701416015625,0.96282958984375
32768,106,0.0009322166442871094,0.961700439453125
32768,107,0.002200603485107422,0.96087646484375
