mode,seed,cv2,cv2_minus_uniform_noise,overlap_with_uniform,mean_shear_exposure,p95_shear_exposure,count
inert,100,0.0342559814453125,0.0031280517578125,0.92822265625,32.077870387837116,38.25519382786648,8192.0
inert,101,0.03325653076171875,0.00212860107421875,0.9268798828125,31.900286192588354,38.20962777163364,8192.0
inert,102,0.03330230712890625,0.00217437744140625,0.9281005859375,32.00126834824275,38.18215649127374,8192.0
inert,103,0.031982421875,0.0008544921875,0.929931640625,31.937449650193916,38.28427394467289,8192.0
inert,104,0.02809906005859375,-0.00302886962890625,0.9326171875,32.10974763013534,38.244650157534544,8192.0
inert,105,0.03319549560546875,0.00206756591796875,0.927001953125,32.10913831825947,38.180556831712785,8192.0
inert,106,0.03508758544921875,0.00395965576171875,0.9251708984375,32.00357578035733,38.34158872535876,8192.0
inert,107,0.0356903076171875,0.0045623779296875,0.923583984375,31.934046647782992,38.3257706212337,8192.0
brownian,100,0.0330963134765625,0.0019683837890625,0.9278564453125,32.031661945650114,38.30628003606213,8192.0
brownian,101,0.0355377197265625,0.0044097900390625,0.924560546875,31.934177262333993,38.113981922277574,8192.0
brownian,102,0.031463623046875,0.000335693359375,0.9305419921875,32.01489048558961,38.215458647254884,8192.0
brownian,103,0.0337066650390625,0.0025787353515625,0.9237060546875,31.918981210674698,38.17113998555057,8192.0
brownian,104,0.02931976318359375,-0.00180816650390625,0.9293212890625,32.08824595643699,38.29662483671764,8192.0
brownian,105,0.03228759765625,0.00115966796875,0.928955078125,32.156304037444635,38.31358101849264,8192.0
brownian,106,0.03202056884765625,0.00089263916015625,0.927978515625,32.02048733490108,38.27463750122675,8192.0
brownian,107,0.02930450439453125,-0.00182342529296875,0.931640625,31.946082829929964,38.24882807349885,8192.0
motile_assumed,100,0.02733612060546875,-0.00379180908203125,0.932861328125,31.968264581651837,38.054714474623566,8192.0
motile_assumed,101,0.02927398681640625,-0.00185394287109375,0.9295654296875,31.981572858144254,38.20426467368193,8192.0
motile_assumed,102,0.02701568603515625,-0.00411224365234375,0.933349609375,31.99973676597159,38.24443208937126,8192.0
motile_assumed,103,0.02927398681640625,-0.00185394287109375,0.931884765625,31.907560303173213,38.155998953747655,8192.0
motile_assumed,104,0.03403472900390625,0.00290679931640625,0.926025390625,32.05132443859142,38.29203829460055,8192.0
motile_assumed,105,0.03084564208984375,-0.00028228759765625,0.9300537109375,32.13266140826467,38.264871429603915,8192.0
motile_assumed,106,0.03133392333984375,0.00020599365234375,0.9287109375,32.109146884664455,38.34435663278282,8192.0
motile_assumed,107,0.0385589599609375,0.0074310302734375,0.9261474609375,31.95245927812622,38.24678926032438,8192.0
