mode,t,overlap_approximate_common_bins
inert,0.0,0.9281951335387955
inert,0.1,0.9258473622314409
inert,0.2,0.9228250383099109
inert,0.3,0.9194623546747518
inert,0.4,0.9160311840230818
inert,0.5,0.9191882951749009
inert,0.6,0.9211205423188014
inert,0.7000000000000001,0.9150414343854317
inert,0.8,0.9096202023543416
inert,0.9,0.9037750221770655
inert,1.0,0.9038382740741819
inert,1.1,0.8970929204041493
inert,1.2,0.8881121457356604
inert,1.3,0.8911858740791234
inert,1.4000000000000001,0.8906754415065223
inert,1.5,0.9028296426075939
inert,1.6,0.8996580315870071
inert,1.7,0.9039958718524648
inert,1.8,0.9060792666359104
inert,1.9000000000000001,0.9024250847344586
inert,2.0,0.907808740251896
inert,2.1,0.9059971567536097
inert,2.2,0.9049819570589972
inert,2.3000000000000003,0.902506755706173
inert,2.4,0.903781616918305
inert,2.5,0.9048984984190818
inert,2.6,0.8988540757957406
inert,2.7,0.9022225320311604
inert,2.8000000000000003,0.8957929747128096
inert,2.9,0.9016881441742066
inert,3.0,0.9076161448965147
inert,3.1,0.8986196888883695
inert,3.2,0.9057925711442016
inert,3.3000000000000003,0.903078425450999
inert,3.4,0.9085406819038164
inert,3.5,0.9091918057872344
inert,3.6,0.9133198344301067
inert,3.7,0.9100495886864035
inert,3.8000000000000003,0.9130470215041689
inert,3.9,0.915165749115012
inert,4.0,0.9147679678058304
inert,4.1,0.9139806130028736
inert,4.2,0.9161999551074675
inert,4.3,0.9162722461078076
inert,4.4,0.9168341812948112
inert,4.5,0.9157649642638402
inert,4.6000000000000005,0.9153495112111536
inert,4.7,0.9151578138574772
inert,4.8,0.9172400640002221
inert,4.9,0.9153247992743136
inert,5.0,0.9209645115845932
inert,5.1000000000000005,0.9226314737810208
inert,5.2,0.9224251439962381
inert,5.3,0.9254108984023443
inert,5.4,0.9209770378616832
inert,5.5,0.9213488794959024
inert,5.6000000000000005,0.9256632123446642
inert,5.7,0.9232952605119221
inert,5.8,0.9222574375139655
inert,5.9,0.9228992720465573
inert,6.0,0.9230208774688882
inert,6.1000000000000005,0.9217915740985825
inert,6.2,0.9161192903085682
inert,6.3,0.919427366482048
inert,6.4,0.9218676853751121
inert,6.5,0.9189767687023795
inert,6.6000000000000005,0.9230678155873805
inert,6.7,0.9258569416368405
inert,6.8,0.9288009707635694
inert,6.9,0.9283741780476981
inert,7.0,0.931947801080758
inert,7.1000000000000005,0.9329362469209773
inert,7.2,0.9259697233792206
inert,7.3,0.9271384568851678
inert,7.4,0.9242806001797226
inert,7.5,0.9260723304745418
inert,7.6000000000000005,0.9217692457032338
inert,7.7,0.9237222166518445
inert,7.8,0.9276679915483137
inert,7.9,0.9265306463836062
inert,8.0,0.9282343234576991
brownian,0.0,0.9281951335387955
brownian,0.1,0.9255407950891127
brownian,0.2,0.921584218932044
brownian,0.3,0.9185428229532286
brownian,0.4,0.9158557588007868
brownian,0.5,0.9190658289498957
brownian,0.6,0.9219953485865338
brownian,0.7000000000000001,0.9147744791496774
brownian,0.8,0.911615107231806
brownian,0.9,0.902650087576864
brownian,1.0,0.9054510286112685
brownian,1.1,0.8992967480803805
brownian,1.2,0.8903054902826798
brownian,1.3,0.8975567846231032
brownian,1.4000000000000001,0.8962242271771019
brownian,1.5,0.9021083530341227
brownian,1.6,0.8977845537460342
brownian,1.7,0.9032209246888643
brownian,1.8,0.8986318652513279
brownian,1.9000000000000001,0.9012624970157753
brownian,2.0,0.9090767273373059
brownian,2.1,0.9091492534644465
brownian,2.2,0.9059102882072699
brownian,2.3000000000000003,0.9044286926349971
brownian,2.4,0.9041562560666325
brownian,2.5,0.91076054030836
brownian,2.6,0.9025925902157296
brownian,2.7,0.9030922855478515
brownian,2.8000000000000003,0.8969785820956024
brownian,2.9,0.9048492550376273
brownian,3.0,0.9087923924828867
brownian,3.1,0.9018194347206488
brownian,3.2,0.9076327577570591
brownian,3.3000000000000003,0.9059137093957942
brownian,3.4,0.9086448750656463
brownian,3.5,0.9091069542026837
brownian,3.6,0.9082458702694268
brownian,3.7,0.9057385815244068
brownian,3.8000000000000003,0.9138336626970462
brownian,3.9,0.910531599188953
brownian,4.0,0.914934287487974
brownian,4.1,0.9142537085316661
brownian,4.2,0.9141598531143119
brownian,4.3,0.9128730120504489
brownian,4.4,0.916607286335225
brownian,4.5,0.9162174525383653
brownian,4.6000000000000005,0.9138770366250737
brownian,4.7,0.9160770362763846
brownian,4.8,0.9168915104745518
brownian,4.9,0.9230805344715235
brownian,5.0,0.9215904964087621
brownian,5.1000000000000005,0.9249224033324277
brownian,5.2,0.9210271132196406
brownian,5.3,0.9272445240367657
brownian,5.4,0.9199243094126548
brownian,5.5,0.9247028818669112
brownian,5.6000000000000005,0.9261360084718682
brownian,5.7,0.9230384454574856
brownian,5.8,0.926706320612441
brownian,5.9,0.9259306175557753
brownian,6.0,0.9245984508283673
brownian,6.1000000000000005,0.9285427918332144
brownian,6.2,0.9267022262508522
brownian,6.3,0.9286104251343265
brownian,6.4,0.9302447827761061
brownian,6.5,0.9303386518354231
brownian,6.6000000000000005,0.9350773665048038
brownian,6.7,0.9261747027004876
brownian,6.8,0.9308450684606567
brownian,6.9,0.9283051670682971
brownian,7.0,0.9270412799137037
brownian,7.1000000000000005,0.9296106690739616
brownian,7.2,0.9267146557893042
brownian,7.3,0.926543901745581
brownian,7.4,0.9257746079260598
brownian,7.5,0.9271379579630004
brownian,7.6000000000000005,0.9272025168403588
brownian,7.7,0.9258318841517615
brownian,7.8,0.9275803476516901
brownian,7.9,0.9283808968671393
brownian,8.0,0.9276665183555041
motile_assumed,0.0,0.9281951335387955
motile_assumed,0.1,0.9274375810199982
motile_assumed,0.2,0.9233648758244445
motile_assumed,0.3,0.9192153040515547
motile_assumed,0.4,0.9160864863112077
motile_assumed,0.5,0.92021852041958
motile_assumed,0.6,0.9226301854153064
motile_assumed,0.7000000000000001,0.9156870384379816
motile_assumed,0.8,0.9107830443985429
motile_assumed,0.9,0.905839385897962
motile_assumed,1.0,0.9045583833858033
motile_assumed,1.1,0.9009405230123031
motile_assumed,1.2,0.9049433884677427
motile_assumed,1.3,0.9011849317390059
motile_assumed,1.4000000000000001,0.9034356408975284
motile_assumed,1.5,0.9078935058016196
motile_assumed,1.6,0.9047789838130011
motile_assumed,1.7,0.907950865659253
motile_assumed,1.8,0.908481030478661
motile_assumed,1.9000000000000001,0.908810864831741
motile_assumed,2.0,0.9116679683231214
motile_assumed,2.1,0.9074037056852099
motile_assumed,2.2,0.9086714640125697
motile_assumed,2.3000000000000003,0.9068624147970664
motile_assumed,2.4,0.9137423489953547
motile_assumed,2.5,0.9093540740860925
motile_assumed,2.6,0.9141528109876317
motile_assumed,2.7,0.9111589496843051
motile_assumed,2.8000000000000003,0.9122146789424959
motile_assumed,2.9,0.9185281141997634
motile_assumed,3.0,0.9190983545423043
motile_assumed,3.1,0.9157384492828327
motile_assumed,3.2,0.9184766810946681
motile_assumed,3.3000000000000003,0.9140759829808249
motile_assumed,3.4,0.9150719477065103
motile_assumed,3.5,0.9193949473431775
motile_assumed,3.6,0.9168847509304334
motile_assumed,3.7,0.9163739909593649
motile_assumed,3.8000000000000003,0.9248895127757001
motile_assumed,3.9,0.9221586922066801
motile_assumed,4.0,0.9231379575380559
motile_assumed,4.1,0.9221074065317287
motile_assumed,4.2,0.9216180488497066
motile_assumed,4.3,0.9184335798694976
motile_assumed,4.4,0.9219457411764594
motile_assumed,4.5,0.9273003757803917
motile_assumed,4.6000000000000005,0.9214518444476801
motile_assumed,4.7,0.9187591907303615
motile_assumed,4.8,0.9243146525837518
motile_assumed,4.9,0.9250067288438453
motile_assumed,5.0,0.9213568899335045
motile_assumed,5.1000000000000005,0.9184872351619663
motile_assumed,5.2,0.9227064823138854
motile_assumed,5.3,0.9234920264734912
motile_assumed,5.4,0.9210901561527662
motile_assumed,5.5,0.9234941148326246
motile_assumed,5.6000000000000005,0.9193920159630212
motile_assumed,5.7,0.9246731182281576
motile_assumed,5.8,0.9290628347666985
motile_assumed,5.9,0.929063935843099
motile_assumed,6.0,0.928792431057407
motile_assumed,6.1000000000000005,0.9256158637192472
motile_assumed,6.2,0.9284799371269731
motile_assumed,6.3,0.9246723953589
motile_assumed,6.4,0.9274534716889908
motile_assumed,6.5,0.9269986464506176
motile_assumed,6.6000000000000005,0.9267105402258558
motile_assumed,6.7,0.9280347219599899
motile_assumed,6.8,0.9222945788561235
motile_assumed,6.9,0.9270675193845545
motile_assumed,7.0,0.9279884822474423
motile_assumed,7.1000000000000005,0.928965032090515
motile_assumed,7.2,0.9275051942259047
motile_assumed,7.3,0.9261868256082324
motile_assumed,7.4,0.9254474286663394
motile_assumed,7.5,0.930257169535255
motile_assumed,7.6000000000000005,0.9319792685509076
motile_assumed,7.7,0.9281215571788356
motile_assumed,7.8,0.932943993137721
motile_assumed,7.9,0.9339400585109559
motile_assumed,8.0,0.9327704148071462
