seed,pair,family,cell,RMSE,relative_RMSE,Jaccard
1024,56-80,global,original_normal,0.017870936523345093,0.024839835253286358,0.9
1024,56-80,global,original_reversed,0.01724221805412436,0.022762452576421736,0.9322033898305084
1024,56-80,global,mirror_normal,0.01905379733354066,0.026438746947506305,0.9642857142857143
1024,56-80,global,mirror_reversed,0.0215258506964914,0.027947222515070622,0.9558823529411765
1024,56-80,cloud,original_normal,0.0021500190087473834,0.0034489859116231584,
1024,56-80,cloud,original_reversed,0.0018524183220621202,0.0029468737584341124,
1024,56-80,cloud,mirror_normal,0.0020726932346619197,0.003302700421525437,
1024,56-80,cloud,mirror_reversed,0.002006721685127075,0.003052162972002868,
1024,56-80,pair,original_normal,0.0007719862454649455,0.005335831720369365,
1024,56-80,pair,original_reversed,0.0007379222635094848,0.005191410387708221,
1024,56-80,pair,mirror_normal,0.0007525999907487057,0.0056211122557545115,
1024,56-80,pair,mirror_reversed,0.0006638537875986002,0.005075157275637,
1024,80-112,global,original_normal,0.011227738313682584,0.015588331112702487,0.9333333333333333
1024,80-112,global,original_reversed,0.010308895396794464,0.013594751675048627,0.9661016949152542
1024,80-112,global,mirror_normal,0.01245250160378446,0.017279070878007716,1.0
1024,80-112,global,mirror_reversed,0.01246178152968927,0.01616207754673381,0.9852941176470589
1024,80-112,cloud,original_normal,0.0010392715672200127,0.0016648623891428302,
1024,80-112,cloud,original_reversed,0.000882795657621385,0.001402804902264588,
1024,80-112,cloud,mirror_normal,0.0009836820109790693,0.001565345697012572,
1024,80-112,cloud,mirror_reversed,0.0009278289809006429,0.0014095440480864118,
1024,80-112,pair,original_normal,0.00033140436794146363,0.002287251883943426,
1024,80-112,pair,original_reversed,0.00030266107766592807,0.002126503328160989,
1024,80-112,pair,mirror_normal,0.00034473802107209294,0.0025708091730040545,
1024,80-112,pair,mirror_reversed,0.0003073052149351558,0.0023462578887553194,
1024,112-160,global,original_normal,0.006081459365290363,0.008439177314213966,0.9666666666666667
1024,112-160,global,original_reversed,0.006880082421787946,0.009058572242173287,0.9666666666666667
1024,112-160,global,mirror_normal,0.008450021562709494,0.011707769307921948,1.0
1024,112-160,global,mirror_reversed,0.0072849687028418006,0.00944258809036316,1.0
1024,112-160,cloud,original_normal,0.0005115541444698254,0.000818917516588122,
1024,112-160,cloud,original_reversed,0.00046585621528941385,0.0007398197622768861,
1024,112-160,cloud,mirror_normal,0.000498775290795487,0.0007931623609178745,
1024,112-160,cloud,mirror_reversed,0.0004951815395797699,0.000751788706873678,
1024,112-160,pair,original_normal,0.00017437959248239418,0.0012025027147446502,
1024,112-160,pair,original_reversed,0.0001590970383791517,0.0011169400045852335,
1024,112-160,pair,mirror_normal,0.00017419447373890945,0.001298041202453579,
1024,112-160,pair,mirror_reversed,0.00016389202386199507,0.001250327348784839,
1025,56-80,global,original_normal,0.024486128490732693,0.029139434459400947,0.9494949494949495
1025,56-80,global,original_reversed,0.02518533161301421,0.027432177059328548,0.948051948051948
1025,56-80,global,mirror_normal,0.024496613880618832,0.02835022323436306,0.937984496124031
1025,56-80,global,mirror_reversed,0.02486743236062124,0.02571085483343181,0.9526315789473684
1025,56-80,cloud,original_normal,0.003140579722945765,0.004349654782557176,
1025,56-80,cloud,original_reversed,0.0031451055158750216,0.0041884753431799425,
1025,56-80,cloud,mirror_normal,0.0032117430010074363,0.004457587318126417,
1025,56-80,cloud,mirror_reversed,0.0032237772611728452,0.0041361691249089776,
1025,56-80,pair,original_normal,0.0011426693221827254,0.006651274012464583,
1025,56-80,pair,original_reversed,0.0010566142216264724,0.006327720056751062,
1025,56-80,pair,mirror_normal,0.0011294574395991385,0.0065419730119090835,
1025,56-80,pair,mirror_reversed,0.0011048690494677726,0.006678515060781772,
1025,80-112,global,original_normal,0.014446742992974155,0.017182542715619187,0.9791666666666666
1025,80-112,global,original_reversed,0.013889955601753726,0.01511014777171789,0.9934640522875817
1025,80-112,global,mirror_normal,0.014065813463919746,0.016228933595789145,0.9609375
1025,80-112,global,mirror_reversed,0.014778374145590155,0.015248435311534041,0.9735449735449735
1025,80-112,cloud,original_normal,0.0014520403140079266,0.002007504505583723,
1025,80-112,cloud,original_reversed,0.0014622339225804546,0.00194404749654519,
1025,80-112,cloud,mirror_normal,0.0014901257881715648,0.0020644307996224836,
1025,80-112,cloud,mirror_reversed,0.0015034481232180656,0.0019257122662640178,
1025,80-112,pair,original_normal,0.0005601007962251261,0.003253235286594531,
1025,80-112,pair,original_reversed,0.0004881660476225979,0.0029177298696983277,
1025,80-112,pair,mirror_normal,0.0005312903392915363,0.0030704639852529823,
1025,80-112,pair,mirror_reversed,0.0004882073385493683,0.0029451350349073632,
1025,112-160,global,original_normal,0.009705508549147385,0.011529499554406884,0.9791666666666666
1025,112-160,global,original_reversed,0.008618771132913016,0.009359526889885868,0.9934640522875817
1025,112-160,global,mirror_normal,0.00952623108826816,0.010987550505394851,0.984251968503937
1025,112-160,global,mirror_reversed,0.010256478003628007,0.01057005390532816,0.9946808510638298
1025,112-160,cloud,original_normal,0.0007709824189958984,0.0010648868979382417,
1025,112-160,cloud,original_reversed,0.0007952195676630278,0.0010562310067793064,
1025,112-160,cloud,mirror_normal,0.0007590326936712536,0.001050571235714973,
1025,112-160,cloud,mirror_reversed,0.0008372451381716599,0.0010713609201770551,
1025,112-160,pair,original_normal,0.00028564228992175307,0.0016570839174723045,
1025,112-160,pair,original_reversed,0.0002567589406337473,0.0015329002159215593,
1025,112-160,pair,mirror_normal,0.0002731456694850844,0.0015768187215128488,
1025,112-160,pair,mirror_reversed,0.00026289043004274994,0.0015841658468748433,
1026,56-80,global,original_normal,0.018537875592564205,0.025449484944756656,0.8913043478260869
1026,56-80,global,original_reversed,0.018179577680887956,0.022737224953608526,0.9518072289156626
1026,56-80,global,mirror_normal,0.015222463761262281,0.020895756027328155,0.9811320754716981
1026,56-80,global,mirror_reversed,0.018043295523141236,0.02226655385522201,0.9578947368421052
1026,56-80,cloud,original_normal,0.0018200113384113418,0.002911569585627318,
1026,56-80,cloud,original_reversed,0.0019116122470276729,0.002865782272399805,
1026,56-80,cloud,mirror_normal,0.0018828967070514697,0.0029551805801701133,
1026,56-80,cloud,mirror_reversed,0.001879747154708062,0.0027640534523631606,
1026,56-80,pair,original_normal,0.0006978165352303015,0.005172101217918173,
1026,56-80,pair,original_reversed,0.000632783011653332,0.0048334198121925825,
1026,56-80,pair,mirror_normal,0.0006906201307436024,0.004946687479486257,
1026,56-80,pair,mirror_reversed,0.0005810020333234657,0.004306026739233232,
1026,80-112,global,original_normal,0.010407563313037108,0.01427010067802625,0.9782608695652174
1026,80-112,global,original_reversed,0.011840688098474064,0.014791427018935112,0.963855421686747
1026,80-112,global,mirror_normal,0.008905438813028112,0.012209510051542114,1.0
1026,80-112,global,mirror_reversed,0.011050913010666115,0.013619894142109066,0.9484536082474226
1026,80-112,cloud,original_normal,0.0008372110235274189,0.0013378620489599112,
1026,80-112,cloud,original_reversed,0.0008172896327558817,0.001223946771434959,
1026,80-112,cloud,mirror_normal,0.0009129055457184631,0.001431080306939596,
1026,80-112,cloud,mirror_reversed,0.000878778014022474,0.001290749410494091,
1026,80-112,pair,original_normal,0.00029150154785199657,0.0021575468960299622,
1026,80-112,pair,original_reversed,0.0002635061106307198,0.002010126654320787,
1026,80-112,pair,mirror_normal,0.00032390343006990363,0.002316467701156609,
1026,80-112,pair,mirror_reversed,0.0002737123538529509,0.0020258583156951013,
1026,112-160,global,original_normal,0.006336154822552852,0.008681358833523698,0.9782608695652174
1026,112-160,global,original_reversed,0.006643339136407196,0.00829336113193408,0.963855421686747
1026,112-160,global,mirror_normal,0.005629913324676477,0.0077100959620605685,0.9811320754716981
1026,112-160,global,mirror_reversed,0.007720015902217265,0.009509772506552445,0.9895833333333334
1026,112-160,cloud,original_normal,0.00044742310237883383,0.0007145536254778383,
1026,112-160,cloud,original_reversed,0.0004521637999625327,0.0006767547819882848,
1026,112-160,cloud,mirror_normal,0.0004604210810492504,0.000721323325222336,
1026,112-160,cloud,mirror_reversed,0.0004574670959170312,0.0006715423688674746,
1026,112-160,pair,original_normal,0.0001648207451300489,0.0012189359394604725,
1026,112-160,pair,original_reversed,0.00013807944042128683,0.001052589073644675,
1026,112-160,pair,mirror_normal,0.00016148653794002327,0.00115398702112172,
1026,112-160,pair,mirror_reversed,0.0001402039448391463,0.0010370272989775598,
1027,56-80,global,original_normal,0.016972728188220508,0.01918287182221606,0.9507042253521126
1027,56-80,global,original_reversed,0.021708515133673157,0.02252766820183719,0.9830508474576272
1027,56-80,global,mirror_normal,0.01604487404854837,0.01828987048627222,0.9640287769784173
1027,56-80,global,mirror_reversed,0.018934000182474937,0.019435364946609746,0.9680851063829787
1027,56-80,cloud,original_normal,0.00256130382943271,0.003364195091171596,
1027,56-80,cloud,original_reversed,0.0025861371654927554,0.0033132517078746466,
1027,56-80,cloud,mirror_normal,0.0025182977209785608,0.003240859583863278,
1027,56-80,cloud,mirror_reversed,0.002689937038058093,0.0034050564021185083,
1027,56-80,pair,original_normal,0.0010483428925713906,0.0062820855991532745,
1027,56-80,pair,original_reversed,0.0008667011714437143,0.004999397162677719,
1027,56-80,pair,mirror_normal,0.0010135775724284951,0.005448171168561381,
1027,56-80,pair,mirror_reversed,0.0009094288631589305,0.005055184400640324,
1027,80-112,global,original_normal,0.009867043714502435,0.011132028310875884,0.971830985915493
1027,80-112,global,original_reversed,0.012693875560877074,0.013153283467827483,0.9887005649717514
1027,80-112,global,mirror_normal,0.009373423768181937,0.01066813897669165,0.9928057553956835
1027,80-112,global,mirror_reversed,0.012258038066710539,0.012571673570447785,0.9840425531914894
1027,80-112,cloud,original_normal,0.001208248501829933,0.001584876282941208,
1027,80-112,cloud,original_reversed,0.0012306897372159696,0.0015744424276771085,
1027,80-112,cloud,mirror_normal,0.0011465363458789844,0.0014736103478045057,
1027,80-112,cloud,mirror_reversed,0.0012269065481359664,0.0015509329596878998,
1027,80-112,pair,original_normal,0.0005050674991723638,0.003020508459326161,
1027,80-112,pair,original_reversed,0.00042006175732959536,0.0024190962536293076,
1027,80-112,pair,mirror_normal,0.0004800517177843982,0.0025757426437434637,
1027,80-112,pair,mirror_reversed,0.0004251464704008466,0.0023590626377541137,
1027,112-160,global,original_normal,0.005716964490489882,0.006446919331080612,1.0
1027,112-160,global,original_reversed,0.006940881686995545,0.007183925672876033,0.9887005649717514
1027,112-160,global,mirror_normal,0.005617440717834077,0.0063882653725708905,1.0
1027,112-160,global,mirror_reversed,0.007514799417163031,0.007699589348891333,0.9946524064171123
1027,112-160,cloud,original_normal,0.0006112293557055754,0.0008012078550237897,
1027,112-160,cloud,original_reversed,0.0006437616487383095,0.0008229697892208159,
1027,112-160,cloud,mirror_normal,0.0006095353239153416,0.0007828782937319919,
1027,112-160,cloud,mirror_reversed,0.0006592261870466876,0.0008327070826003401,
1027,112-160,pair,original_normal,0.00023520250377694052,0.00140526506116503,
1027,112-160,pair,original_reversed,0.0001962373652613003,0.0011292310915478941,
1027,112-160,pair,mirror_normal,0.000251053136315743,0.0013457362482100716,
1027,112-160,pair,mirror_reversed,0.00020459282394556862,0.0011342800524423787,
