previous_snapshot,old_path,current_path,treatment
My-Sources-Project-ALL-main,pytest_suite/navier.py,math/navier.py,Consolidated reviewed implementation/tests
My-Sources-Project-ALL-main,pytest_suite/test_navier.py,math/tests/test_navier.py,Consolidated reviewed implementation/tests
My-Sources-Project-ALL-main,pytest_suite/regime.py,models/regime.py,Moved; original content preserved
My-Sources-Project-ALL-main,pytest_suite/survival.py,models/survival.py,Moved; original content preserved
My-Sources-Project-ALL-main,pytest_suite/test_regime.py,models/tests/test_regime.py,Moved; original content preserved
My-Sources-Project-ALL-main,pytest_suite/test_survival.py,models/tests/test_survival.py,Moved; original content preserved
My-Sources-Project-ALL-main,stokes_stream/box_experiment.py,math/box_experiment.py,Consolidated reviewed implementation/tests
My-Sources-Project-ALL-main,stokes_stream/stokes.py,math/stokes.py,Consolidated reviewed implementation/tests
My-Sources-Project-ALL-main,stokes_stream/test_projection.py,math/tests/test_projection.py,Consolidated reviewed implementation/tests
My-Sources-Project-ALL-main,stokes_stream/test_smooth_geometry.py,math/tests/test_smooth_geometry.py,Consolidated reviewed implementation/tests
My-Sources-Project-ALL-main,stokes_stream/test_stokes.py,math/tests/test_stokes.py,Consolidated reviewed implementation/tests
Nous-Volition-main,initial_field.py,math/initial_field.py,Moved; original content preserved
Nous-Volition-main,tests/test_initial_field.py,math/tests/test_initial_field.py,Moved; original content preserved
Nous-Volition-main,verify_energy.py,math/verify_energy.py,Moved; original content preserved
Nous-Volition-main,smooth-initial-profile.png,math/figures/smooth-initial-profile.png,Moved; original content preserved
My-Sources-Project-ALL-main,Nqx51.png,math/figures/original-streamlines.png,Moved; original content preserved
My-Sources-Project-ALL-main,stokes_stream/box-experiment-results.csv,math/results/box-experiment-results.csv,Moved; original content preserved
outputs,smooth-initial-field.tex,math/notes/smooth-initial-field.tex,Moved; original content preserved
My-Sources-Project-ALL-main,Diachronic Adaptation — California Report — Hidden Decision Rules in California Law.docx,papers/Diachronic Adaptation — California Report — Hidden Decision Rules in California Law.docx,Moved; original content preserved
My-Sources-Project-ALL-main,Object_Representation_and_Boundary_Working_Paper.docx,papers/Object_Representation_and_Boundary_Working_Paper.docx,Moved; original content preserved
My-Sources-Project-ALL-main,Filesother/Code_.txt,archive/earlier-code/Code_.txt,Moved; original content preserved
My-Sources-Project-ALL-main,Filesother/Survives.txt,archive/earlier-code/Survives.txt,Moved; original content preserved
My-Sources-Project-ALL-main,Filesother/Survives2.txt,archive/earlier-code/Survives2.txt,Moved; original content preserved
My-Sources-Project-ALL-main,Filesother/Translated Failures.txt,archive/earlier-code/Translated Failures.txt,Moved; original content preserved
My-Sources-Project-ALL-main,Filesother/Ways to Failure.txt,archive/earlier-code/Ways to Failure.txt,Moved; original content preserved
My-Sources-Project-ALL-main,navier_stokes_framework.txt,archive/navier-stokes-framework.txt,Moved; original content preserved
My-Sources-Project-ALL-main,0_build.txt,archive/ci/37185031535/combined.txt,Moved; original content preserved
My-Sources-Project-ALL-main,build/12_Post Run actions_checkout@v4.txt,archive/ci/37185031535/steps/12_Post Run actions_checkout@v4.txt,Moved; original content preserved
My-Sources-Project-ALL-main,build/13_Complete job.txt,archive/ci/37185031535/steps/13_Complete job.txt,Moved; original content preserved
My-Sources-Project-ALL-main,build/1_Set up job.txt,archive/ci/37185031535/steps/1_Set up job.txt,Moved; original content preserved
My-Sources-Project-ALL-main,build/2_Run actions_checkout@v4.txt,archive/ci/37185031535/steps/2_Run actions_checkout@v4.txt,Moved; original content preserved
My-Sources-Project-ALL-main,build/3_Set up Python 3.10.txt,archive/ci/37185031535/steps/3_Set up Python 3.10.txt,Moved; original content preserved
My-Sources-Project-ALL-main,build/4_Install dependencies.txt,archive/ci/37185031535/steps/4_Install dependencies.txt,Moved; original content preserved
My-Sources-Project-ALL-main,build/5_Lint with flake8.txt,archive/ci/37185031535/steps/5_Lint with flake8.txt,Moved; original content preserved
My-Sources-Project-ALL-main,build/6_Test with pytest.txt,archive/ci/37185031535/steps/6_Test with pytest.txt,Moved; original content preserved
My-Sources-Project-ALL-main,build/system.txt,archive/ci/37185031535/steps/system.txt,Moved; original content preserved
My-Sources-Project-ALL-main,Video Project.srt,language/media/video-project.srt,Moved; original content preserved
My-Sources-Project-ALL-main,conversation_transcript.txt,language/sources/conversation-reconstruction.txt,Moved; original content preserved
My-Sources-Project-ALL-main,ai_language_turns_3.csv,language/data/ai_language_turns_3.csv,Moved; original content preserved
My-Sources-Project-ALL-main,connection_map.csv,language/data/connection_map.csv,Moved; original content preserved
My-Sources-Project-ALL-main,reconstruction_map.csv,language/data/reconstruction_map.csv,Moved; original content preserved
My-Sources-Project-ALL-main,map_language.py,language/scripts/map_language.py,Moved; original content preserved
My-Sources-Project-ALL-main,map_language_2.py,language/scripts/map_language_2.py,Moved; original content preserved
My-Sources-Project-ALL-main,860y1.png,language/figures/user-actions-counts.png,Moved; original content preserved
My-Sources-Project-ALL-main,Gk0i4.png,language/figures/word-delta-3.png,Moved; original content preserved
My-Sources-Project-ALL-main,cwmLM.png,language/figures/primary-mode-timeline-3.png,Moved; original content preserved
My-Sources-Project-ALL-main,cxDYw.png,language/figures/user-and-ai-actions.png,Moved; original content preserved
My-Sources-Project-ALL-main,g8oM3.png,language/figures/user-actions-timeline.png,Moved; original content preserved
My-Sources-Project-ALL-main,iDLtm.png,language/figures/tracked-moves-3.png,Moved; original content preserved
My-Sources-Project-ALL-main,image.png,language/figures/second-paste-timeline.png,Moved; original content preserved
My-Sources-Project-ALL-main,words numbers.png,language/figures/second-paste-timeline-alternate.png,Moved; original content preserved
My-Sources-Project-ALL-main,kY1O2.png,language/figures/reconstruction-map.png,Moved; original content preserved
My-Sources-Project-ALL-main,connection_map.html,language/reports/connection_map.html,Moved; repaired image links; missing chart labeled
My-Sources-Project-ALL-main,language_map_3.html,language/reports/language_map_3.html,Moved; repaired image links; missing chart labeled
My-Sources-Project-ALL-main,reconstruction_map.html,language/reports/reconstruction_map.html,Moved; repaired image links; missing chart labeled
My-Sources-Project-ALL-main,.github/workflows/codeql.yml,.github/workflows/codeql.yml,Moved; original content preserved
