Model,Inputs,RMSE ↓,MAE ↓,R² ↑,AP ↑,Brier ↓,ECE ↓,Precision,Recall
A: current full gradient,31,0.06780,0.05015,0.90277,0.87235,0.02320,0.01019,0.79956,0.79145
B: + marker history,54,0.06711,0.04989,0.90466,0.86255,0.02328,0.00937,0.82183,0.72087
Current weak baseline,7,0.06960,0.05100,0.89739,0.86739,0.02342,0.01039,0.81131,0.76735
Weak baseline + history,30,0.06896,0.05086,0.89913,0.86536,0.02354,0.01027,0.80605,0.76855
Equal-size current-only terms,54,0.06805,0.05037,0.90205,0.87321,0.02343,0.01095,0.80928,0.79055
History alone,23,0.15511,0.12284,0.48783,0.48258,0.05546,0.03457,0.48898,0.50840
+ past affine deformation only,36,0.06755,0.05008,0.90348,0.87093,0.02334,0.00988,0.77710,0.79818
+ history excluding affine deformation,49,0.06716,0.04990,0.90451,0.86382,0.02311,0.01029,0.80140,0.77535
+ history excluding exchanges,51,0.06710,0.04987,0.90468,0.86402,0.02322,0.01006,0.81067,0.75002
+ reversed past history,54,0.06714,0.04989,0.90459,0.86193,0.02328,0.00982,0.80369,0.72856
+ distant-marker history,54,0.06780,0.05016,0.90279,0.87181,0.02335,0.00959,0.82753,0.77787
Shuffled training targets,54,0.20636,0.16533,0.09352,0.27361,0.07533,0.06828,0.25635,0.47658
+ shuffled history 1,54,0.06781,0.05016,0.90275,0.87032,0.02332,0.01006,0.82290,0.75203
+ shuffled history 2,54,0.06783,0.05017,0.90270,0.87092,0.02324,0.00938,0.82588,0.75693
+ shuffled history 3,54,0.06781,0.05016,0.90274,0.87231,0.02321,0.01062,0.82439,0.78514
Tree A: current,31,0.06906,0.05063,0.89900,0.87250,0.02307,0.00994,0.83437,0.75615
Tree B: + history,54,0.06867,0.05053,0.90005,0.87307,0.02299,0.00988,0.80569,0.76856
