label,rounds,successes,consensus_proportion,consensus_ci95,mean_capped_seconds,median_seconds_successes_only,mean_switches,mean_refusals,refusal_per_differing_proposal,mean_initiatives,mean_adjacent_tick_reversals,proportion_state_revisit,mean_copy_hhi_when_defined,copy_hhi_defined_rounds,parameters,mean_former_leader_share_after_A,former_leader_share_defined_rounds
r=0;i=0,1200,1183,0.9858333333333333,"[0.9774296573223678,0.9911364204253081]",28.7125,20.0,15.815833333333334,0.0,0.0,0.0,1.5208333333333333,0.605,0.20584759769529562,1193,"{""refusal"":0.0,""innovation"":0.0,""activation"":0.25,""update"":""async1"",""compliance"":1.0,""heterogeneous"":false,""former_leader_weight"":1.0}",0.11339302339476091,599
r=0;i=0.02,1200,1179,0.9825,"[0.9733949068135072,0.9885257776048536]",29.713333333333335,20.0,18.301666666666666,0.0,0.0,1.3525,1.84,0.6091666666666666,0.20484147758693239,1191,"{""refusal"":0.0,""innovation"":0.02,""activation"":0.25,""update"":""async1"",""compliance"":1.0,""heterogeneous"":false,""former_leader_weight"":1.0}",0.11015316119787799,599
r=0;i=0.1,1200,1174,0.9783333333333334,"[0.9684421563950483,0.9851717863616687]",32.485,24.0,26.9625,0.0,0.0,7.1325,3.1358333333333333,0.6266666666666667,0.20413953743166643,1191,"{""refusal"":0.0,""innovation"":0.1,""activation"":0.25,""update"":""async1"",""compliance"":1.0,""heterogeneous"":false,""former_leader_weight"":1.0}",0.11593100408647397,599
r=0.15;i=0,1200,1165,0.9708333333333333,"[0.9597073089889877,0.9789544987767701]",33.57666666666667,23.0,15.816666666666666,2.8241666666666667,0.15150431400599043,0.0,1.3191666666666666,0.6225,0.20774342700572246,1193,"{""refusal"":0.15,""innovation"":0.0,""activation"":0.25,""update"":""async1"",""compliance"":1.0,""heterogeneous"":false,""former_leader_weight"":1.0}",0.11111497943599047,599
r=0.15;i=0.02,1200,1168,0.9733333333333334,"[0.9625976609335581,0.9810481918291861]",34.78916666666667,24.0,18.598333333333333,3.0641666666666665,0.14145027889978842,1.5533333333333332,1.6558333333333333,0.6216666666666667,0.20585176311188036,1191,"{""refusal"":0.15,""innovation"":0.02,""activation"":0.25,""update"":""async1"",""compliance"":1.0,""heterogeneous"":false,""former_leader_weight"":1.0}",0.10854149340004629,599
r=0.15;i=0.1,1200,1151,0.9591666666666666,"[0.9464264730838164,0.9689764580293384]",37.62083333333333,26.0,28.3425,3.55,0.1113114368581955,8.381666666666666,2.9991666666666665,0.6625,0.20393983622896053,1191,"{""refusal"":0.15,""innovation"":0.1,""activation"":0.25,""update"":""async1"",""compliance"":1.0,""heterogeneous"":false,""former_leader_weight"":1.0}",0.11277391912895258,599
r=0.5;i=0,1200,1052,0.8766666666666667,"[0.8568512133727132,0.8940782328398932]",50.14083333333333,32.5,14.13,14.1025,0.4995129726379173,0.0,0.7041666666666667,0.6566666666666666,0.2091965981187195,1193,"{""refusal"":0.5,""innovation"":0.0,""activation"":0.25,""update"":""async1"",""compliance"":1.0,""heterogeneous"":false,""former_leader_weight"":1.0}",0.11425363890751782,599
r=0.5;i=0.02,1200,1024,0.8533333333333334,"[0.832189785905302,0.8722219070020987]",54.060833333333335,35.0,18.591666666666665,16.24416666666667,0.46630624596320835,2.381666666666667,1.0525,0.6991666666666667,0.20210253901034805,1191,"{""refusal"":0.5,""innovation"":0.02,""activation"":0.25,""update"":""async1"",""compliance"":1.0,""heterogeneous"":false,""former_leader_weight"":1.0}",0.11130233810701634,599
r=0.5;i=0.1,1200,1006,0.8383333333333334,"[0.816429598808171,0.8580778241173118]",57.8575,40.0,32.80583333333333,19.8775,0.37730148687124326,12.886666666666667,2.3358333333333334,0.745,0.19956568550063,1191,"{""refusal"":0.5,""innovation"":0.1,""activation"":0.25,""update"":""async1"",""compliance"":1.0,""heterogeneous"":false,""former_leader_weight"":1.0}",0.11626249740925042,599
r=0.9;i=0,1200,382,0.31833333333333336,"[0.2925924254535968,0.34523363809873014]",100.44333333333333,58.0,6.7175,59.925,0.8992009603481262,0.0,0.06333333333333334,0.53,0.2591649788130345,1193,"{""refusal"":0.9,""innovation"":0.0,""activation"":0.25,""update"":""async1"",""compliance"":1.0,""heterogeneous"":false,""former_leader_weight"":1.0}",0.13234293830385355,599
r=0.9;i=0.02,1200,368,0.30666666666666664,"[0.2812286853148911,0.3333385015848329]",101.765,60.0,12.4675,70.74583333333334,0.8501742509213267,4.486666666666666,0.20666666666666667,0.7208333333333333,0.24089839188427312,1188,"{""refusal"":0.9,""innovation"":0.02,""activation"":0.25,""update"":""async1"",""compliance"":1.0,""heterogeneous"":false,""former_leader_weight"":1.0}",0.12070797096292218,597
r=0.9;i=0.1,1200,327,0.2725,"[0.2480640184314659,0.29838788684277845]",101.6525,52.0,31.684166666666666,80.625,0.7178844113347828,22.815833333333334,1.1408333333333334,0.89,0.24311210458481877,1178,"{""refusal"":0.9,""innovation"":0.1,""activation"":0.25,""update"":""async1"",""compliance"":1.0,""heterogeneous"":false,""former_leader_weight"":1.0}",0.1178297197719605,592
all_hold,1200,7,0.005833333333333334,"[0.002828499547942646,0.011991939381093704]",119.3,0.0,0.0,133.92833333333334,1.0,0.0,0.0,0.0,,0,"{""refusal"":1,""innovation"":0,""activation"":0.25,""update"":""async1"",""compliance"":1.0,""heterogeneous"":false,""former_leader_weight"":1.0}",,0
synchronous_10s,1200,511,0.42583333333333334,"[0.3981369821503022,0.4540030162724367]",95.95833333333333,60.0,32.32333333333333,5.45,0.14428168019767032,1.7166666666666666,18.493333333333332,0.41833333333333333,0.17331651976832854,1193,"{""refusal"":0.15,""innovation"":0.02,""activation"":0.25,""update"":""sync10"",""compliance"":1.0,""heterogeneous"":false,""former_leader_weight"":1.0}",0.10531368057485418,599
slow_opportunities,1200,758,0.6316666666666667,"[0.6039956992870544,0.6584973372208921]",77.10916666666667,48.0,13.630833333333333,2.1708333333333334,0.13738002320430334,1.0941666666666667,0.4025,0.7283333333333334,0.20520928473389782,1193,"{""refusal"":0.15,""innovation"":0.02,""activation"":0.08,""update"":""async1"",""compliance"":1.0,""heterogeneous"":false,""former_leader_weight"":1.0}",0.10796690282499853,599
fast_opportunities,1200,1200,1.0,"[0.9968089993972651,1.0]",13.075833333333334,9.0,16.95,2.7283333333333335,0.13864656559667993,1.4041666666666666,2.9966666666666666,0.44166666666666665,0.21216829716572602,1193,"{""refusal"":0.15,""innovation"":0.02,""activation"":0.6,""update"":""async1"",""compliance"":1.0,""heterogeneous"":false,""former_leader_weight"":1.0}",0.11462683605195437,599
heterogeneous_identity_0,1200,1143,0.9525,"[0.938954098795922,0.9631580456586029]",38.34916666666667,26.0,19.219166666666666,3.955,0.17066417346902082,1.83,1.5808333333333333,0.625,0.2086896871953617,1191,"{""refusal"":0.15,""innovation"":0.02,""activation"":0.25,""update"":""async1"",""compliance"":1.0,""heterogeneous"":true,""former_leader_weight"":1.0}",0.11585610573199155,599
former_leader_weight_3,1200,1161,0.9675,"[0.9558808941043687,0.9761355203320742]",35.035,23.0,18.3725,3.0316666666666667,0.14163908896242944,1.5375,1.5866666666666667,0.6291666666666667,0.2062577622073827,1191,"{""refusal"":0.15,""innovation"":0.02,""activation"":0.25,""update"":""async1"",""compliance"":1.0,""heterogeneous"":false,""former_leader_weight"":3}",0.12511261581848204,599
former_leader_weight_6,1200,1156,0.9633333333333334,"[0.9511357326179519,0.972573940156847]",35.454166666666666,23.0,18.176666666666666,2.9633333333333334,0.1401766004415011,1.5633333333333332,1.56,0.6275,0.20818263217162364,1191,"{""refusal"":0.15,""innovation"":0.02,""activation"":0.25,""update"":""async1"",""compliance"":1.0,""heterogeneous"":false,""former_leader_weight"":6}",0.12387120068291013,599
A_compliance=0.7,1200,1200,1.0,"[0.9968089993972651,1.0]",21.891666666666666,20.0,4.04,1.7475,0.3019438444924406,0.0,0.0,0.0,1.0,1193,"{""refusal"":0.15,""innovation"":0.02,""activation"":0.25,""update"":""async1"",""compliance"":0.7,""heterogeneous"":false,""former_leader_weight"":1.0}",,0
A_compliance=0.3,1200,1130,0.9416666666666667,"[0.9269430402484113,0.9535715758858394]",58.958333333333336,50.0,3.9791666666666665,9.125,0.6963434022257552,0.0,0.0,0.0,1.0,1192,"{""refusal"":0.15,""innovation"":0.02,""activation"":0.25,""update"":""async1"",""compliance"":0.3,""heterogeneous"":false,""former_leader_weight"":1.0}",,0
