item,original,cleaned,reconstruction,reload
Ms. Rachel tearful videos,1,1,1,1
Free America from the Jews,1,1,1,1
Jewish family and friends shield,1,1,1,1
Mister Rogers pool and towel,1,1,1,1
Czech 2018 / Herta / Spiegelgrund,1,1,1,1
DSM levels merge,1,1,1,1
Anxiety label on a privacy point,1,1,1,1
Aspie supremacy keyword insertion,1,1,1,1
User's own wording kept,1,1,0,1
Detractors / pitfalls fight,1,1,0,1
Ex analogy,1,1,0,1
Right before the camps line,1,1,0,1
Person-to-person callout,1,1,0,1
Safety-filter crash story,1,0,0,0
Close window / wipe cache,1,1,0,1
Gaslighting-machine confession,0,0,0,1
Web results instead of transcript,0,0,0,1
Third-person User/AI bullets,0,0,1,0
Fully acknowledged failure,1,1,1,1
